site_id,country,lat_deg,lon_deg,max_depth_m,measurement_year,prior_gst_c,mean_kappa_w_m_k,mean_grad_k_per_km,n_samples
BY-Brest,,52.18,23.7,210.0,1986.47,8.0,2.5,22.0,39
US-CO5-14,,38.27,-105.5,235.0,1967.77,9.0,3.23,25.49,18
US-CO5-15,,38.27,-105.5,220.0,1967.77,10.0,2.68,26.2,17
US-CO5-20,,39.78,-105.2,530.0,1964.88,12.0,3.01,22.23,52
US-CO5-22,,39.43,-106.1,510.0,1967.67,4.0,3.5,38.5,36
US-CO5-23,,37.93,-107.6,375.0,1967.67,7.0,3.87,55.54,28
US-CO5-24,,39.0,-107.0,210.0,1964.82,3.5,2.95,26.45,20
US-CO5-6,,39.87,-105.5,375.0,1967.87,2.0,2.47,24.8,18
US-CO5-8,,38.68,-106.5,480.0,1967.51,2.0,2.8,25.2,42
US-ME7-34,,44.4,-68.62,350.0,1965.82,7.0,3.91,15.6,34
US-ME7-35,,44.05,-70.62,300.0,1964.83,7.0,3.4,22.85,23
US-NV3-134,,38.57,-116.9,594.36,1968.64,10.0,2.99,25.58,65
AL-Kolonja-10,Albania,40.25,19.67,300.0,1977.41,18.0,2.5,17.0,26
AU-1,Australia,-20.53,139.48,228.6,1969.61,28.87,3.7599,16.27,24
AU-10,Australia,-34.0,151.25,449.58,1972.51,15.21,2.7215,28.159,57
AU-11,Australia,-32.55,138.48,376.03,1972.86,20.24,5.4012,16.87,44
AU-12,Australia,-20.55,139.48,297.18,1969.62,28.622,3.8311,19.011,33
AU-13,Australia,-31.45,145.48,297.49,1971.0,21.104,4.44,21.186,18
AU-14,Australia,-42.2,148.2,600.0,1982.88,13.16,3.37,28.28,59
AU-15,Australia,-35.6,149.45,262.71,1973.07,13.27,4.3963,22.83,40
AU-16,Australia,-19.68,123.23,300.0,1979.0,30.23,3.5,19.91,28
AU-17,Australia,-20.32,140.2,548.64,1974.22,29.382,4.15,24.055,35
AU-18,Australia,-38.13,141.53,353.57,1972.62,15.229,1.55,32.355,40
AU-19,Australia,-32.8,144.2,260.15,1982.36,22.405,3.48,22.671,45
AU-2,Australia,-20.11,133.66,304.79,1974.22,31.945,4.08,24.76,19
AU-20,Australia,-31.2,121.68,304.35,1971.51,21.124,3.2449,10.821,35
AU-21,Australia,-35.08,139.25,246.0,1982.0,18.034,4.56,19.18,20
AU-22,Australia,-16.47,136.05,300.0,1983.58,29.036,2.17,32.055,26
AU-23,Australia,-20.53,139.48,388.62,1969.61,27.611,4.857,19.035,22
AU-24,Australia,-32.25,140.93,321.78,1971.64,20.801,2.667,25.444,22
AU-25,Australia,-35.33,141.2,250.0,1980.0,16.711,2.25,41.655,20
AU-26,Australia,-34.42,150.75,237.74,1972.68,12.846,3.1403,27.219,36
AU-27,Australia,-32.33,121.61,442.0,1964.0,20.202,3.14,15.311,27
AU-28,Australia,-42.0,146.5,314.84,1970.0,7.44,1.97,43.3,10
AU-3,Australia,-13.03,131.08,241.62,1971.65,30.26,5.0788,16.228,30
AU-30,Australia,-37.05,142.78,291.0,1964.0,16.382,4.52,27.05,22
AU-31,Australia,-35.3,149.15,226.0,1964.0,15.91,3.433,25.169,33
AU-32,Australia,-35.07,149.57,284.47,1971.44,14.671,3.37,22.93,48
AU-33,Australia,-34.07,149.57,264.86,1971.44,14.539,3.425,23.98,49
AU-34,Australia,-20.53,139.48,363.32,1969.61,27.696,5.0244,21.216,24
AU-35,Australia,-30.61,134.5,303.58,1972.87,23.187,3.174,15.907,37
AU-36,Australia,-19.66,134.22,264.3,1972.78,28.909,3.72,25.209,22
AU-37,Australia,-19.45,133.82,350.52,1969.62,29.756,3.6008,31.032,24
AU-38,Australia,-19.45,133.82,350.52,1969.62,29.619,3.6008,31.447,19
AU-39,Australia,-19.45,133.82,350.52,1969.62,29.549,3.6008,31.356,20
AU-4,Australia,-33.2,139.47,307.39,1972.64,20.593,3.492,18.374,29
AU-40,Australia,-34.31,150.73,312.42,1972.9,14.264,3.936,22.292,35
AU-41,Australia,-31.63,121.53,302.81,1971.68,20.771,2.885,12.402,19
AU-42,Australia,-32.98,135.55,304.19,1973.67,20.112,3.785,15.198,82
AU-43,Australia,-20.53,139.48,320.04,1969.61,28.898,3.559,17.117,20
AU-44,Australia,-20.53,139.48,243.84,1969.61,28.481,3.8311,20.183,27
AU-45,Australia,-23.63,150.37,304.8,1974.96,22.107,3.5,17.927,16
AU-46,Australia,-28.48,122.23,212.1,1971.53,24.579,4.4131,9.8016,33
AU-47,Australia,-28.5,122.23,318.19,1971.53,24.411,3.8646,10.501,43
AU-49,Australia,-33.2,139.47,297.18,1972.64,20.6,3.45,15.56,27
AU-5,Australia,-37.83,149.27,242.5,1973.07,15.69,4.9,20.17,24
AU-50,Australia,-42.83,147.25,274.31,1976.5,12.22,2.3,35.03,15
AU-51,Australia,-31.23,121.68,295.61,1971.53,23.1,3.61,58.4,37
AU-52,Australia,-26.42,119.08,450.0,1970.0,25.53,2.5,17.8,9
AU-53,Australia,-23.28,150.65,230.0,1970.0,23.28,2.8,21.3,20
AU-56,Australia,-32.33,121.61,594.0,1964.0,20.578,3.14,15.22,34
AU-58,Australia,-38.38,141.58,304.8,1972.62,14.2,1.43,34.55,38
AU-59,Australia,-38.38,141.58,304.8,1972.62,13.95,1.43,35.71,28
AU-6,Australia,-31.95,141.47,480.0,1982.0,20.96,4.27,20.39,45
AU-60,Australia,-41.75,145.5,209.39,1970.0,8.51,3.04,34.5,11
AU-61,Australia,-34.42,150.86,300.1,1983.27,17.07,1.9,39.39,27
AU-62,Australia,-34.0,150.0,259.19,1970.0,19.21,2.5,31.51,36
AU-7,Australia,-33.93,137.97,312.4,1973.94,18.68,3.5924,22.96,23
AU-8,Australia,-33.93,137.97,212.75,1971.5,18.96,3.5925,24.3,27
AU-9,Australia,-33.93,137.97,312.4,1974.21,18.268,3.5924,24.6,23
BY-Bulavki,Belarus (White Russia),55.59,28.78,245.0,1986.48,7.0,2.5,16.0,48
BY-Gomel,Belarus (White Russia),52.3,30.97,270.4,1985.47,8.0,2.5,14.0,35
BY-Narock102,Belarus (White Russia),54.91,26.83,290.5,1991.56,7.0,2.5,18.0,27
BY-Nesvizh,Belarus (White Russia),53.25,26.66,390.0,1986.44,7.5,2.5,5.0,37
BY-Pukhovsctina,Belarus (White Russia),53.5,27.98,600.0,1984.52,7.0,3.0,5.0,59
BY-Resta,Belarus (White Russia),53.83,30.67,213.0,1985.46,7.0,2.5,10.0,21
BY-Rudma,Belarus (White Russia),53.61,26.4,323.0,1984.44,7.0,2.5,12.0,32
BY-Samosedovka,Belarus (White Russia),54.42,29.02,267.9,1986.55,7.0,2.5,11.0,51
BY-Shashki,Belarus (White Russia),53.25,27.0,600.0,1984.45,6.0,2.5,11.0,30
BY-Shashki306,Belarus (White Russia),53.25,27.0,522.0,1984.45,6.5,2.5,8.0,45
BW-B60,Botswana,-20.5,26.6,207.8,1983.5,24.82,3.5,18.99,22
BW-CKP-5a2,Botswana,-25.23,21.97,210.0,1983.55,23.9,3.6,6.8,15
BW-CKP4,Botswana,-18.52,24.32,230.0,1983.55,26.6,4.1,13.4,19
BW-CKP8a,Botswana,-23.83,22.03,240.0,1983.55,23.1,2.0,37.5,19
BW-D7,Botswana,-23.47,27.03,330.0,1984.75,25.55,4.0,12.29,30
BW-G025-59,Botswana,-22.62,24.25,240.0,1984.46,23.8,1.8,26.5,15
BW-PW246,Botswana,-22.0,27.83,580.0,1983.52,24.75,3.6,15.11,53
BW-SD107,Botswana,-22.07,27.8,325.0,1983.52,24.05,3.6,18.34,29
BW-TMP23,Botswana,-21.23,27.52,268.0,1983.51,24.7,2.7,14.0,27
BR-574,Brazil,-13.5,-48.25,220.0,1976.0,26.5,2.5,17.8,19
BR-BL-35,Brazil,-6.33,-36.58,220.0,1976.0,31.2,2.5,21.5,18
BR-CA-03-BA,Brazil,-9.47,-39.83,348.0,1976.48,30.64,2.5,14.9,33
BR-F-32,Brazil,-9.47,-39.83,290.0,1976.43,28.8,2.5,10.2,24
BR-F-46,Brazil,-9.47,-39.83,290.0,1976.43,28.9,2.5,9.7,24
BR-F-51,Brazil,-9.07,-39.93,330.0,1976.0,30.0,2.5,15.5,30
BR-F-98,Brazil,-9.47,-39.83,290.0,1976.43,28.87,2.5,10.2,23
BR-FC-1010,Brazil,-9.47,-39.84,318.15,1976.0,29.1,2.5,15.0,39
BR-FC-1015,Brazil,-9.47,-39.84,296.94,1976.0,29.2,2.5,14.1,38
BR-NF-01-2,Brazil,-23.32,-50.32,208.0,1979.0,19.0,1.3745,33.1,20
BR-PC-35,Brazil,-21.92,-46.42,221.4,1976.18,18.35,2.5,33.5,24
BR-R7-F2,Brazil,-9.68,-39.85,214.4,1976.51,28.5,2.5,20.2,25
BG-W-4,Bulgaria,42.0,23.0,560.0,1995.68,14.0,3.1,49.0,26
CA-0001,Canada,51.13,-93.94,510.22,2000.48,3.77703,3.19,8.8644,55
CA-0002,Canada,51.18,-93.86,609.74,2000.48,2.76912,3.18,9.56938,56
CA-0003,Canada,50.96,-93.17,337.68,2000.49,2.85145,5.0,11.8026,39
CA-0004,Canada,50.99,-93.14,496.2,2000.49,3.11494,4.53,11.2658,61
CA-0005,Canada,51.12,-92.89,599.22,2000.49,3.38932,4.87,8.96777,60
CA-0006,Canada,49.97,-91.11,574.07,2000.5,3.65412,4.77,9.21472,73
CA-0007,Canada,49.99,-91.12,594.2,2000.5,2.61483,3.84,10.2325,60
CA-0008,Canada,49.21,-89.65,644.73,2000.5,3.35527,2.82,10.8756,80
CA-0009,Canada,49.22,-89.65,595.61,2000.5,3.38268,2.69,10.588,65
CA-001-0,Canada,45.4,-75.72,587.0,1978.9,8.0,2.37,14.0,76
CA-0010,Canada,48.29,-89.49,240.0,2000.5,3.48843,2.8,20.2929,24
CA-0011,Canada,48.31,-89.63,310.0,2000.5,3.65815,2.8,17.5593,26
CA-0012,Canada,49.17,-85.9,599.48,2000.53,3.35426,2.95,10.5653,59
CA-0013,Canada,49.23,-85.9,719.65,2000.53,3.3525,3.31,10.5931,68
CA-0015,Canada,55.53,-98.26,376.92,2000.79,0.842498,3.82833,15.3151,38
CA-0016,Canada,56.01,-97.64,595.78,2000.79,0.902752,4.07667,15.2442,64
CA-0017,Canada,55.71,-97.95,600.13,2000.8,0.59621,3.80923,15.7724,60
CA-0018,Canada,56.94,-101.11,385.46,2000.8,0.337767,3.46333,10.9071,46
CA-0019,Canada,56.96,-101.22,596.62,2000.8,2.03891,3.264,6.34088,64
CA-002-0,Canada,44.64,-63.59,333.5,1978.9,8.0,2.1,27.0,23
CA-0020,Canada,55.51,-98.16,200.56,2000.81,1.09521,3.77357,15.0702,21
CA-0021,Canada,55.51,-98.27,343.32,2000.81,0.99444,3.88364,14.6235,34
CA-0022,Canada,55.57,-98.26,374.52,2000.81,0.994396,3.82833,15.8591,40
CA-005-0,Canada,45.82,-74.02,600.2,1958.95,7.0,2.63,17.0,72
CA-005-1,Canada,45.82,-74.01,594.1,1978.0,7.0,2.63,17.0,76
CA-006-0,Canada,48.53,-72.25,595.3,1978.9,4.0,2.5,2.0,39
CA-008-0,Canada,58.65,-130.01,292.0,1978.9,2.0,4.73,21.0,35
CA-010-0,Canada,57.89,-130.85,422.1,1978.9,1.5,2.1,33.0,54
CA-0101,Canada,48.85,-94.07,239.4,2001.48,4.3067,3.835,10.231,17
CA-0102,Canada,48.97,-94.13,723.5,2001.48,4.05822,3.68,10.8652,74
CA-0103,Canada,49.37,-93.8,244.36,2001.48,4.8151,3.73333,8.59742,26
CA-0104,Canada,49.38,-93.75,637.94,2001.48,4.74824,3.53,9.28911,73
CA-0106,Canada,48.94,-94.15,460.1,2001.48,4.12398,3.99,10.6261,47
CA-0107,Canada,49.82,-92.75,733.86,2001.49,3.28794,3.71,11.6768,72
CA-0108,Canada,49.83,-92.7,770.71,2001.49,3.371,3.11,11.5824,80
CA-011-0,Canada,49.1,-80.94,454.8,1978.9,3.0,2.51,15.0,55
CA-0110,Canada,50.38,-94.7,257.74,2001.5,4.671,3.11,17.2421,26
CA-0111,Canada,50.39,-94.71,303.77,2001.5,4.497,3.1,17.5266,31
CA-0112,Canada,49.12,-89.03,370.0,2001.5,3.4215,3.37,16.5225,35
CA-0114,Canada,55.51,-98.23,586.12,2001.78,4.74824,3.44,9.28911,67
CA-0115,Canada,55.54,-98.27,334.92,2001.78,0.750726,3.44,15.9898,34
CA-012-0,Canada,49.42,-82.38,594.7,1978.9,5.0,2.64,10.0,80
CA-013-0,Canada,49.69,-83.53,575.9,1978.9,5.0,3.14,15.0,114
CA-013-1,Canada,49.69,-83.54,571.8,1978.9,5.0,3.14,15.0,75
CA-014-0,Canada,48.86,-86.98,596.5,1978.9,5.0,2.91,14.0,74
CA-015-0,Canada,51.83,-89.6,500.4,1978.9,3.5,2.69,9.0,88
CA-015-1,Canada,51.83,-89.6,605.6,1978.9,3.0,2.69,9.0,75
CA-016-0,Canada,50.71,-90.48,600.7,1978.9,4.5,3.0,14.0,105
CA-016-1,Canada,50.71,-90.48,596.8,1978.9,4.5,3.0,14.0,74
CA-017-0,Canada,49.77,-91.37,597.4,1978.9,5.0,3.02,14.0,74
CA-018-0,Canada,43.76,-66.0,470.0,1986.67,8.0,3.03,18.0,90
CA-018-1,Canada,43.76,-66.0,480.0,1986.67,10.0,3.03,18.0,93
CA-0201,Canada,50.18,-89.14,599.91,2002.48,2.43901,3.59,9.76644,58
CA-0203,Canada,51.14,-93.85,575.17,2002.48,4.54624,3.36,7.43568,73
CA-0204,Canada,49.48,-92.08,270.17,2002.49,3.51157,2.59,12.2011,28
CA-0209,Canada,48.66,-92.2,369.91,2002.5,5.0404,3.13,11.5287,35
CA-0301,Canada,49.06,-91.37,249.44,2003.48,3.8052,3.87,10.2619,26
CA-0302,Canada,49.14,-91.36,412.08,2003.48,3.24828,3.76,9.98038,43
CA-0303,Canada,48.6,-90.79,596.92,2003.48,3.32097,3.94,11.1255,60
CA-0304,Canada,48.63,-90.78,586.59,2003.48,3.46343,3.94,11.0649,59
CA-0306,Canada,50.52,-88.09,351.81,2003.5,1.9802,2.83,12.0002,38
CA-0307,Canada,50.51,-88.1,369.59,2003.5,1.8619,3.05,12.1949,40
CA-0308,Canada,50.52,-87.97,422.56,2003.5,1.95643,2.75,12.0991,45
CA-0309,Canada,49.77,-89.23,510.0,2003.5,2.988,2.49,12.995,50
CA-0310,Canada,50.18,-89.14,340.0,2003.5,3.80858,2.22,16.3421,34
CA-0311,Canada,49.2,-88.93,338.82,2003.5,3.29329,2.16,19.4477,33
CA-0312,Canada,48.95,-87.95,422.74,2003.5,4.27914,3.28,15.3804,41
CA-0314,Canada,48.74,-81.44,598.94,2003.84,3.64032,2.32,8.27411,61
CA-0315,Canada,48.74,-81.44,596.98,2003.84,3.39009,2.32,8.55957,61
CA-0316,Canada,46.66,-80.87,599.8,2003.85,4.50649,2.69,14.119,57
CA-051-0,Canada,45.01,-76.06,318.2,1978.9,7.0,2.5,7.0,10
CA-054-0,Canada,44.92,-63.48,591.0,1978.9,7.0,4.46,13.0,38
CA-056-0,Canada,46.27,-63.45,401.4,1972.79,7.0,2.36,16.0,25
CA-057-0,Canada,43.86,-77.24,298.1,1975.87,8.5,5.0,29.0,24
CA-065-0,Canada,45.78,-63.45,306.3,1979.7,7.0,2.4,8.0,19
CA-066-0,Canada,62.51,-114.42,422.3,1975.77,1.0,2.5,10.0,53
CA-067-1,Canada,46.65,-81.3,593.4,1978.9,6.0,3.14,14.0,47
CA-067-2,Canada,46.63,-81.39,593.4,1978.9,5.0,3.13,17.0,37
CA-067-3,Canada,46.61,-81.43,575.8,1979.37,7.0,3.85,7.0,21
CA-067-4,Canada,46.38,-81.44,332.2,1975.74,6.0,2.72,18.0,12
CA-067-5,Canada,46.41,-81.39,575.5,1975.74,6.0,2.72,12.0,21
CA-067-6,Canada,46.52,-81.08,597.4,1975.74,7.5,2.5,20.0,39
CA-067-7,Canada,46.43,-81.32,597.4,1973.62,5.0,2.72,14.0,39
CA-067-8,Canada,46.55,-81.16,228.3,1974.24,6.0,2.72,10.0,14
CA-067-9,Canada,46.65,-81.34,356.0,1978.98,6.0,2.85,16.0,12
CA-069-0,Canada,49.88,-74.35,597.5,1978.98,3.0,3.4,9.0,21
CA-072-2,Canada,49.15,-117.19,590.2,1974.24,5.0,2.5,33.0,34
CA-074-0,Canada,49.76,-116.86,443.4,1974.24,8.0,2.5,57.0,32
CA-081-1,Canada,52.63,-121.56,311.2,1985.98,4.0,2.55,2.67,20
CA-081-2,Canada,52.63,-121.56,223.7,1985.98,4.0,2.23,2.67,14
CA-083-0,Canada,51.0,-94.2,311.2,1978.9,3.0,4.09,12.0,35
CA-084-1,Canada,49.18,-85.85,587.0,1978.9,4.5,3.33,12.0,38
CA-084-2,Canada,49.19,-85.81,583.6,1978.9,3.0,3.04,13.0,19
CA-084-3,Canada,49.19,-85.85,599.8,1978.9,5.0,3.28,12.0,39
CA-084-4,Canada,49.18,-85.81,598.9,1978.9,5.0,3.27,12.0,39
CA-084-6,Canada,49.18,-85.85,601.1,1978.9,5.0,3.46,12.0,39
CA-084-7,Canada,49.18,-85.85,598.9,1978.9,5.0,3.15,12.0,39
CA-096-0,Canada,48.86,-64.68,594.4,1986.67,5.0,3.36,13.0,38
CA-103-3,Canada,48.95,-65.53,432.6,1975.78,5.0,3.88,39.0,30
CA-103-5,Canada,48.95,-65.53,368.9,1975.78,5.0,3.88,9.0,23
CA-103-6,Canada,48.95,-65.53,535.2,1975.78,6.0,3.88,11.0,34
CA-104-2,Canada,49.69,-115.89,313.7,1975.78,5.5,2.5,27.0,21
CA-104-3,Canada,49.68,-115.94,579.1,1975.78,5.0,2.5,26.0,34
CA-104-9,Canada,49.72,-116.0,208.2,1975.78,24.0,2.5,31.0,13
CA-113-2,Canada,48.0,-56.0,518.5,1978.9,5.0,3.06,12.0,33
CA-115-3,Canada,56.6,-126.69,320.0,1975.78,1.0,2.5,23.0,20
CA-115-8,Canada,56.6,-126.69,274.0,1975.0,1.0,2.5,21.0,17
CA-117-1,Canada,49.88,-91.0,269.0,1975.77,5.0,2.5,7.0,17
CA-117-2,Canada,49.88,-90.88,437.8,1975.77,4.0,2.5,8.0,26
CA-118-0,Canada,50.65,-120.47,250.4,1985.98,9.0,2.76,35.0,32
CA-126-0,Canada,50.1,-85.9,596.2,1986.67,5.5,3.38,15.0,75
CA-127-1,Canada,46.05,-77.43,259.0,1979.65,8.0,2.3,19.0,31
CA-127-6,Canada,46.05,-77.43,276.7,1978.77,8.0,2.3,13.0,35
CA-136-1,Canada,54.64,-102.04,465.0,1985.97,2.5,2.82,13.0,171
CA-136-2,Canada,54.78,-101.88,243.8,1985.97,4.0,3.2,7.0,34
CA-137-1,Canada,54.89,-99.97,353.2,1985.97,2.0,3.73,11.0,125
CA-138-0,Canada,55.73,-97.77,595.1,1985.97,0.0,3.38,18.0,75
CA-143-1,Canada,46.93,-66.67,243.8,1986.67,7.0,2.46,25.0,29
CA-144-0,Canada,45.68,-66.68,274.6,1986.67,8.0,2.69,27.0,34
CA-145-15,Canada,50.25,-95.85,389.4,1983.65,7.0,2.62,14.0,119
CA-149-1,Canada,56.8,-101.1,588.9,1985.97,2.0,2.53,8.0,74
CA-149-2,Canada,56.9,-100.95,493.8,1985.97,0.0,3.1,7.0,71
CA-150-1,Canada,56.63,-101.65,382.7,1985.97,2.5,3.53,12.0,57
CA-152-1,Canada,49.91,-56.05,472.4,1978.9,5.0,3.83,11.0,30
CA-152-2,Canada,49.91,-56.05,430.1,1978.9,5.0,3.4,12.0,28
CA-152-3,Canada,49.9,-56.08,324.0,1975.78,4.0,3.56,11.0,22
CA-156-0,Canada,48.65,-78.44,356.3,1978.9,5.0,3.66,11.0,23
CA-162-1,Canada,51.52,-119.81,275.9,1985.98,2.0,4.2,25.0,18
CA-162-2,Canada,51.52,-119.81,260.7,1985.98,2.0,4.32,25.0,17
CA-163-1,Canada,49.58,-125.61,596.2,1985.98,6.0,3.35,14.0,38
CA-164-0,Canada,47.61,-69.46,600.7,1986.67,6.5,3.99,12.0,38
CA-182-0,Canada,50.66,-120.51,264.1,1985.98,9.0,2.36,40.0,16
CA-187-1,Canada,54.63,-124.43,228.6,1975.78,7.0,2.5,22.0,14
CA-187-2,Canada,54.63,-124.43,228.6,1975.78,8.0,2.5,20.0,14
CA-289-1,Canada,60.99,-133.75,451.9,1981.67,0.0,2.5,19.0,28
CA-289-2,Canada,60.99,-133.75,309.1,1981.67,0.0,2.5,22.0,16
CA-289-4,Canada,60.99,-133.75,571.3,1981.67,1.0,2.5,24.0,72
CA-290-1,Canada,62.47,-129.22,387.0,1981.67,2.0,2.5,23.0,15
CA-297-3,Canada,60.35,-127.33,259.4,1981.67,1.0,2.5,28.0,32
CA-298-1,Canada,50.43,-95.44,419.7,1982.79,3.0,3.18,10.0,131
CA-298-2,Canada,50.42,-95.42,303.3,1986.67,5.0,3.18,11.0,81
CA-298-3,Canada,50.42,-95.41,308.5,1986.67,6.5,3.18,9.0,95
CA-298-4,Canada,50.42,-95.45,301.8,1982.78,7.0,3.18,8.0,92
CA-402-1,Canada,45.54,-62.6,251.5,1982.16,7.0,3.69,30.0,16
CA-402-5,Canada,45.63,-62.63,297.3,1982.9,8.0,2.5,34.0,19
CA-403-0,Canada,45.73,-65.25,213.4,1982.16,7.0,2.5,15.0,13
CA-405-0,Canada,47.56,-66.3,350.5,1986.67,4.0,2.8,14.0,22
CA-407-1,Canada,49.29,-57.38,252.7,1982.16,5.0,2.5,25.0,25
CA-415-0,Canada,47.72,-65.88,403.8,1986.67,5.0,3.3,18.0,50
CA-436-1,Canada,48.3,-82.43,268.6,1986.73,6.0,2.5,20.0,94
CA-436-3,Canada,48.3,-82.43,376.7,1986.73,5.0,3.12,15.0,113
CA-436-4,Canada,48.3,-82.43,416.1,1986.73,6.0,2.5,20.0,125
CA-437-3,Canada,47.94,-82.41,457.8,1986.0,5.0,4.07,12.0,126
CA-437-4,Canada,47.94,-82.41,266.1,1986.73,4.0,4.07,13.0,71
CA-438-1,Canada,49.71,-77.74,599.8,1987.62,4.0,3.52,10.0,172
CA-438-2,Canada,49.78,-77.64,375.5,1987.62,4.0,3.52,10.0,110
CA-442-18,Canada,50.92,-106.96,231.2,1986.79,6.0,2.5,30.0,44
CA-442-22,Canada,50.95,-107.0,243.8,1986.79,5.0,2.5,32.0,46
CA-442-3,Canada,50.88,-106.86,237.0,1986.79,5.0,2.5,28.0,46
CA-442-6,Canada,50.9,-106.9,237.5,1986.79,6.5,2.5,20.0,45
CA-655-0,Canada,49.03,-100.55,235.0,1993.8,3.5,1.6,39.2,41
CA-8705,Canada,46.49,-72.95,250.0,1987.0,5.568,4.58,11.56,25
CA-8706,Canada,48.28,-79.1,320.0,1987.0,4.0341,3.6,8.17949,31
CA-8707,Canada,48.28,-79.09,590.0,1987.0,4.37082,4.4,7.8359,58
CA-8708,Canada,48.1,-77.56,357.08,1987.0,3.71382,4.1,8.22548,37
CA-8709,Canada,48.1,-77.56,335.33,1987.0,3.6964,4.8,8.69462,36
CA-8720,Canada,48.83,-65.96,600.0,1987.0,2.8535,3.3,13.9625,59
CA-8721,Canada,48.82,-66.02,500.0,1987.0,2.80833,3.0,15.0233,49
CA-8723,Canada,48.8,-66.13,520.0,1987.0,2.65721,2.7,17.0072,55
CA-8725,Canada,48.79,-66.15,349.83,1987.0,2.31121,3.1,14.5066,33
CA-8736,Canada,49.6,-75.85,334.83,1987.0,8.09343,3.1,6.08531,30
CA-8740,Canada,49.62,-75.87,306.05,1987.0,2.73364,3.8,10.0193,39
CA-8742,Canada,49.79,-74.81,518.84,1987.0,4.76793,3.5,6.77291,55
CA-8743,Canada,49.8,-74.81,503.94,1987.0,3.94658,3.2,7.73989,58
CA-8744,Canada,49.72,-77.73,600.0,1987.0,2.5795,3.3,10.4575,54
CA-8745,Canada,49.71,-77.73,250.0,1987.0,2.696,3.6,10.38,21
CA-8746,Canada,49.72,-77.74,600.0,1987.0,3.0435,3.3,9.8175,57
CA-8810,Canada,47.4,-78.71,420.14,1988.0,3.88156,3.3,10.6595,43
CA-8811,Canada,47.4,-78.71,387.1,1988.0,4.11147,3.7,10.0633,44
CA-8812,Canada,47.4,-78.71,357.31,1988.0,3.75455,3.5,10.8854,44
CA-8813,Canada,47.4,-78.71,389.17,1988.0,3.84221,3.1,10.671,44
CA-8814,Canada,44.5,-77.45,330.45,1988.0,6.85092,3.8,12.1353,33
CA-8820,Canada,44.53,-77.79,377.15,1988.0,6.62183,2.8,11.3964,37
CA-8901,Canada,43.87,-78.72,300.0,1989.0,9.158,2.5,15.25,29
CA-8907,Canada,44.86,-78.5,300.0,1989.0,6.068,4.0,9.15,26
CA-8910,Canada,44.87,-77.72,340.27,1989.0,5.90583,2.8,12.9755,37
CA-8911,Canada,44.87,-77.72,424.78,1989.0,6.08442,2.6,12.6786,42
CA-8917,Canada,44.72,-77.18,240.96,1989.0,6.29696,2.9,10.0062,27
CA-8920,Canada,44.72,-77.18,206.38,1989.0,5.89117,2.5,11.3567,24
CA-8925,Canada,46.44,-81.07,224.06,1989.0,7.87946,4.9,10.8213,22
CA-8926,Canada,46.43,-81.05,600.0,1989.0,8.111,4.0,8.725,59
CA-8927,Canada,46.43,-81.05,472.81,1989.0,8.24557,4.0,9.88022,58
CA-8928,Canada,49.47,-72.77,210.88,1989.0,3.00942,1.9,13.1903,21
CA-9001,Canada,48.06,-77.53,416.79,1990.0,5.1999,3.0,6.69665,70
CA-9008,Canada,49.89,-74.17,593.24,1990.0,3.58835,3.4,6.87526,68
CA-9009,Canada,49.9,-74.17,571.03,1990.0,3.9914,3.2,6.73971,67
CA-9010,Canada,49.88,-74.33,440.16,1990.0,3.76885,3.3,6.82745,60
CA-9012,Canada,49.88,-74.33,317.5,1990.0,3.51592,3.2,7.60655,55
CA-9013,Canada,47.7,-70.09,230.0,1990.0,4.301,5.2,8.6,35
CA-9101,Canada,48.13,-77.58,316.5,1991.0,4.03146,3.7,8.12187,32
CA-9103,Canada,48.14,-77.6,360.04,1991.0,3.81214,3.6,9.343,45
CA-9105,Canada,48.25,-78.44,429.96,1991.0,3.67726,3.6,10.9655,43
CA-9111,Canada,48.51,-80.28,290.02,1991.0,3.37136,4.3,11.5704,39
CA-9114,Canada,48.52,-79.72,419.99,1991.0,3.88703,3.6,10.8216,47
CA-9115,Canada,48.52,-79.72,273.57,1991.0,4.11132,3.6,9.71464,38
CA-9116,Canada,48.52,-79.72,373.68,1991.0,3.93689,3.3,10.8359,46
CA-9202,Canada,49.24,-76.65,600.0,1992.0,4.5555,4.3,6.1075,77
CA-9203,Canada,49.24,-76.65,600.0,1992.0,4.577,4.2,6.56,77
CA-9204,Canada,49.6,-75.98,510.95,1992.0,4.90292,3.2,8.76611,75
CA-9206,Canada,49.49,-76.17,450.0,1992.0,3.5478,3.1,8.496,60
CA-9207,Canada,49.49,-76.17,610.0,1992.0,3.5825,3.0,8.4675,76
CA-9209,Canada,49.48,-74.61,485.78,1992.0,2.6886,2.9,6.96897,64
CA-9211,Canada,45.48,-74.62,480.0,1992.0,2.63357,2.9,7.03214,65
CA-9212,Canada,48.53,-77.69,370.0,1992.0,3.71359,3.6,6.14706,54
CA-9213,Canada,48.53,-77.69,600.0,1992.0,3.726,3.6,7.575,76
CA-9214,Canada,48.53,-77.69,620.0,1992.0,3.6825,3.6,6.9675,60
CA-9301,Canada,54.88,-98.64,595.27,1993.0,1.97493,2.8,15.897,77
CA-9302,Canada,54.88,-98.64,543.41,1993.0,2.65069,3.1,15.0979,76
CA-9305,Canada,54.72,-101.83,600.0,1993.0,2.868,3.6,12.74,75
CA-9306,Canada,54.57,-100.38,432.62,1993.0,1.79289,2.7,13.2058,62
CA-9307,Canada,54.79,-101.89,259.92,1993.0,2.10178,3.6,12.7561,39
CA-9308,Canada,54.87,-99.98,645.34,1993.0,1.53053,3.1,12.158,86
CA-9309,Canada,54.85,-99.95,304.12,1993.0,1.43051,3.8,10.961,32
CA-9400,Canada,50.21,-66.64,600.0,1994.0,3.8345,2.1,13.2025,57
CA-9402,Canada,50.3,-66.43,460.0,1994.0,3.44746,2.0,14.2077,45
CA-9405,Canada,55.7,-97.9,504.03,1994.0,1.22874,3.5,13.947,53
CA-9407,Canada,55.74,-97.82,593.99,1994.0,1.2219,5.0,14.2513,58
CA-9408,Canada,55.91,-97.67,267.43,1994.0,0.158901,3.2,16.5914,26
CA-9409,Canada,55.9,-97.68,469.77,1994.0,0.382801,3.7,15.0395,50
CA-9410,Canada,55.49,-98.13,386.47,1994.0,0.77195,2.9,14.9249,37
CA-9411,Canada,55.49,-98.13,598.11,1994.0,0.748514,3.4,15.4144,60
CA-9413,Canada,55.75,-97.81,555.12,1994.0,1.0219,3.0,14.8185,52
CA-9501,Canada,54.64,-101.85,600.0,1995.0,1.6345,3.5,14.2225,54
CA-9502,Canada,54.21,-100.23,352.38,1995.0,2.13215,3.9,13.6582,36
CA-9504,Canada,54.58,-103.2,244.32,1995.0,1.85341,2.0,18.7934,26
CA-9504a,Canada,54.58,-103.2,244.32,1995.0,1.85341,3.6,18.7934,26
CA-9505,Canada,54.86,-101.74,568.34,1995.0,3.10083,3.1,10.2195,58
CA-9506,Canada,54.58,-103.2,607.23,1995.0,2.243,3.6,16.2096,65
CA-9510,Canada,49.79,-74.03,600.35,1995.0,3.14314,4.0,9.31271,60
CA-9511,Canada,51.01,-74.47,513.17,1995.0,4.43807,3.0,9.26766,49
CA-9512,Canada,51.01,-74.47,549.17,1995.0,4.14804,2.9,9.7517,54
CA-9513,Canada,56.48,-99.61,231.56,1995.0,10.1297,3.2,12.8448,34
CA-9514,Canada,56.73,-100.95,375.88,1995.0,0.501631,2.5,9.86325,37
CA-9516,Canada,56.91,-100.44,589.22,1995.0,0.862782,3.6,7.20148,59
CA-9517,Canada,56.91,-100.44,557.54,1995.0,0.331675,3.5,7.7919,55
CA-9519,Canada,56.63,-101.63,422.86,1995.0,1.50587,3.0,10.0343,44
CA-9520,Canada,56.91,-100.44,579.56,1995.0,0.510502,3.8,7.60669,57
CA-9601,Canada,55.29,-105.02,600.0,1996.0,2.9065,2.8,14.4725,59
CA-9603,Canada,56.13,-103.71,569.9,1996.0,1.61195,3.5,12.641,59
CA-9604,Canada,56.13,-103.7,540.92,1996.0,1.78145,2.9,12.0897,54
CA-9605,Canada,56.13,-103.7,463.64,1996.0,1.645,3.1,12.6562,47
CA-9608,Canada,54.64,-102.83,560.24,1996.0,3.06027,3.9,15.3466,58
CA-9609,Canada,54.66,-102.06,585.16,1996.0,2.07538,3.0,11.5517,75
CA-9610,Canada,54.66,-102.06,534.41,1996.0,2.17676,3.6,11.5366,68
CA-9614,Canada,56.83,-101.1,419.42,1996.0,1.84173,3.8,7.65646,44
CA-9618,Canada,55.75,-104.56,281.91,1996.0,1.662,3.8,14.934,28
CA-9619,Canada,55.75,-104.56,256.79,1996.0,2.0685,3.3,12.565,26
CA-9620,Canada,55.75,-104.56,264.75,1996.0,1.873,3.5,12.9936,25
CA-9622,Canada,55.75,-104.55,247.28,1996.0,1.835,3.5,13.9845,24
CA-9702,Canada,55.17,-97.46,604.58,1997.0,0.861955,2.8,16.254,60
CA-9801,Canada,54.85,-100.11,596.07,1998.0,2.12424,3.1,15.0414,66
CA-9803,Canada,54.62,-101.97,291.39,1998.0,4.91647,3.2,10.0022,30
CA-9804,Canada,55.16,-100.76,307.76,1998.0,2.15771,3.6,7.62367,30
CA-9806,Canada,54.79,-101.57,498.78,1998.0,2.6972,5.2,11.233,63
CA-9807,Canada,54.79,-101.57,446.92,1998.0,2.66268,5.7,10.9131,60
CA-9808,Canada,55.87,-102.74,419.57,1998.0,1.07016,2.2,14.4669,41
CA-9809,Canada,55.87,-102.74,278.31,1998.0,1.42726,2.4,13.2687,28
CA-9812,Canada,55.83,-97.76,597.8,1998.0,0.575788,3.2,16.2266,62
CA-9813,Canada,55.83,-97.78,617.57,1998.0,0.051854,3.4,19.201,74
CA-9814,Canada,55.49,-98.13,345.48,1998.0,0.944815,4.8,14.9362,33
CA-9815,Canada,55.49,-98.13,347.58,1998.0,0.900745,4.8,14.8923,33
CA-9816,Canada,55.49,-98.13,380.0,1998.0,0.935444,4.8,14.8278,37
CA-9817,Canada,55.49,-98.13,219.68,1998.0,1.12419,4.8,13.5783,20
CA-9818,Canada,54.76,-100.21,598.58,1998.0,4.73305,3.6,8.71722,77
CA-9819,Canada,54.76,-100.22,267.99,1998.0,3.88345,3.6,14.1782,40
CA-9820,Canada,50.21,-66.64,600.0,1998.0,3.833,2.5,13.05,58
CA-9821,Canada,56.33,-62.11,599.52,1998.0,1.19811,2.4,10.7817,68
CA-9822,Canada,56.33,-62.11,641.14,1998.0,0.746589,1.9,10.495,70
CA-9823,Canada,56.32,-62.05,599.76,1998.0,1.0672,2.2,8.88818,56
CA-9824,Canada,56.32,-62.05,599.35,1998.0,1.16157,1.9,8.66348,58
CA-9901,Canada,54.72,-101.5,596.47,1999.0,2.56917,2.5,12.1613,58
CA-9904,Canada,55.2,-101.36,280.0,1999.0,4.119,3.0,11.15,27
CA-9905,Canada,55.2,-101.36,300.0,1999.0,3.804,3.1,12.53,29
CA-9906,Canada,54.77,-101.84,599.14,1999.0,2.13,3.6,11.1492,64
CA-9907,Canada,54.93,-100.56,523.34,1999.0,1.27026,3.4,11.9001,58
CA-9912,Canada,55.75,-104.55,254.64,1999.0,1.84408,2.6,13.7015,24
CA-9913,Canada,55.75,-104.58,275.77,1999.0,1.6046,2.6,14.2525,29
CA-9915,Canada,55.76,-104.56,254.58,1999.0,1.8331,3.4,12.9542,25
CA-9916,Canada,55.75,-104.56,261.89,1999.0,1.90287,4.1,12.5324,26
CA-9917,Canada,56.15,-103.14,225.17,1999.0,1.14099,2.9,17.5515,24
CA-9918,Canada,56.16,-103.12,393.92,1999.0,1.082,2.4,14.6678,38
CA-9919,Canada,56.15,-103.14,253.72,1999.0,1.3115,2.7,18.9246,23
CA-9920,Canada,58.38,-109.54,330.0,1999.0,2.56077,3.5,16.3462,32
CA-9921,Canada,58.23,-109.52,250.0,1999.0,5.341,6.0,6.94,21
CA-9922,Canada,58.23,-109.52,560.0,1999.0,5.4795,6.0,7.2825,50
CA-9923,Canada,58.23,-109.52,400.0,1999.0,4.722,6.0,8.455,38
CA-JM-a,Canada,52.02,-107.12,529.8,1996.5,2.0,1.6,32.0,104
CA-JM-b,Canada,50.92,-106.96,230.1,1999.59,5.0,1.7,26.0,43
CA-Turtle,Canada,49.2,-100.5,208.0,1994.8,3.3,1.2,40.0,132
CA-WOOD,Canada,49.4,-106.4,230.0,1994.0,5.0,3.0,25.0,43
CN-FJ-anxi3101,China,25.23,117.72,530.0,1986.86,18.2,3.22,7.5,47
CN-FJ-joxk4,China,27.18,118.81,357.0,1987.6,17.4709,3.36,27.0118,36
CN-FJ-jy6404,China,27.37,118.3,373.0,1987.66,65.75,3.63,20.0,34
CN-FJ-npyz5,China,26.64,118.18,313.05,1987.73,20.2584,4.59,20.4226,31
CN-FJ-ql17,China,26.33,116.94,430.0,1987.48,18.3,3.74,16.5,40
CN-FJ-sx301,China,26.42,117.77,358.5,1987.75,68.1,2.89,35.0,34
CN-GD-lc3901,China,25.42,113.18,260.0,1988.69,19.75,3.38,14.9,24
CN-HN-cmfu8,China,19.87,109.97,520.0,1987.84,25.22,2.09,20.2,45
CN-JS-dh-2,China,34.43,118.76,469.18,2000.95,15.0,3.4,21.8237,70
CN-JX-14-7,China,28.92,115.02,260.0,1987.45,16.3,3.3,20.5,24
CN-JX-fc-j2,China,28.25,115.82,290.0,1990.76,19.8633,3.28,20.8333,24
CN-JX-gztk40,China,25.75,114.85,360.0,1990.3,20.11,2.18,33.6,34
CN-JX-nc401,China,28.38,115.87,500.0,1990.95,20.46,2.38,19.0,48
CN-JX-pxby508,China,27.53,113.8,210.0,1989.7,19.5,3.9,17.0,18
CN-JX-xs-ck4025,China,29.02,114.37,250.0,1989.9,17.8,2.75,20.9,24
CN-JX-zk1062,China,28.25,115.82,250.0,1990.73,20.11,3.28,13.5,20
CN-JXck46-25,China,27.97,116.33,300.0,1991.0,20.0,2.5,20.0,14
CN-JXck47-48,China,27.97,116.33,294.0,1991.0,16.0,2.5,10.0,34
CN-JXck61-26,China,27.97,116.33,260.0,1991.0,11.5,2.5,30.0,25
CN-JXqj12001-2,China,28.85,115.82,440.0,1991.0,19.0,2.5,20.0,20
CN-JXqj18-6,China,28.08,115.55,250.0,1991.0,19.5,2.5,20.0,12
CN-JXty156-1,China,28.0,115.0,490.0,1991.0,20.0,2.5,10.0,24
CN-JXzk40-11,China,27.97,116.33,300.0,1991.0,17.0,2.5,30.0,26
CN-JXzk42-4,China,27.97,116.33,270.0,1991.0,17.0,2.5,20.0,23
CN-JXzk512,China,27.37,114.7,360.0,1991.0,22.0,2.5,10.0,18
CN-JXzk52-13,China,27.97,116.33,400.0,1991.0,17.0,2.5,10.0,36
CN-JXzk52-6,China,27.97,116.33,390.0,1991.0,14.5,2.5,20.0,31
CN-JXzk59-38,China,27.97,116.33,380.0,1991.0,14.0,2.5,25.0,34
CN-JXzk6702-2,China,27.92,114.98,500.0,1991.0,17.5,2.5,20.0,24
CN-PX202,China,28.27,102.22,440.0,1983.9,17.0,4.36,17.4,37
CN-QD2,China,37.88,92.25,340.0,1991.0,7.0,0.83,40.0,16
CN-QD22,China,38.17,90.65,400.0,1991.0,6.0,0.83,25.0,19
CN-QD26,China,38.0,91.0,260.0,1991.0,6.0,0.83,20.0,12
CN-QD28,China,38.37,91.13,320.0,1991.0,4.0,0.83,20.0,16
CN-QD6,China,38.57,93.33,320.0,1991.0,7.0,0.83,20.0,16
CN-QD637,China,38.7,93.33,320.0,1991.0,5.0,0.83,20.0,16
CN-QDa1,China,38.58,92.4,240.0,1991.0,5.0,0.83,40.0,12
CN-XZ-naqu903,China,31.38,91.88,390.0,1988.0,3.45,3.21,93.8,39
CN-ZJ-sx8701,China,29.23,120.63,410.0,1992.58,18.0,3.82,17.5,39
CN-a24,China,31.0,117.32,390.0,1972.5,13.5,2.5,35.0,37
CN-b1,China,39.7,116.5,220.0,1980.95,15.0,1.49,20.0,17
CN-b15,China,35.1,118.3,300.0,1974.8,14.0,2.5,25.0,21
CN-b3,China,40.68,115.5,250.0,1973.4,19.0,2.1,10.7,21
CN-b6,China,35.6,114.3,320.0,1975.9,17.0,2.23,10.0,29
CN-c2,China,39.5,116.2,300.0,1980.6,12.0,1.6,25.4,27
CN-d13,China,37.0,115.0,300.0,1981.6,14.0,2.0,35.0,15
CN-d9,China,40.5,117.0,370.0,1977.3,18.0,2.5,17.0,31
CN-e4,China,38.72,116.1,410.0,1980.4,13.0,2.0,28.0,38
CN-e6,China,38.97,116.1,470.0,1990.4,13.0,2.0,37.0,44
CN-e7,China,36.25,116.12,490.0,1979.9,13.0,2.0,32.0,45
CN-f1,China,36.48,118.12,460.0,1982.4,12.0,1.5,44.0,21
CN-f2,China,37.15,118.4,320.0,1987.4,12.0,1.5,44.0,13
CN-f4,China,37.0,118.0,500.0,1982.4,12.0,1.6,40.0,24
CN-f8,China,37.0,118.0,490.0,1982.4,13.0,1.76,45.7,20
CN-h1,China,39.92,116.43,450.0,1980.5,13.0,1.2,60.0,38
CN-i5,China,40.55,116.98,210.0,1977.4,16.0,2.5,12.0,20
CN-i6,China,40.55,116.98,240.0,1977.3,16.0,2.5,15.0,22
CN-k6,China,39.3,116.55,230.0,1980.55,13.0,2.5,25.0,16
CN-m2,China,25.04,101.51,400.0,1988.0,19.0,2.5,20.0,30
CN-m4,China,25.57,101.21,490.0,1980.0,17.0,2.5,20.0,26
CN-m8,China,25.04,101.51,400.0,1988.0,19.0,2.5,30.0,29
CN-m9,China,25.58,100.22,410.0,1988.0,17.0,2.5,20.0,22
CN-zk5,China,38.92,117.45,320.0,1990.0,19.5,2.5,30.0,12
CU-BJ-55,Cuba,23.19,-82.03,500.0,1981.0,26.0,1.61,21.2,43
CU-C-357,Cuba,20.04,-76.94,491.42,1991.0,24.0,2.6,19.07,44
CU-CAM-1-1-E,Cuba,21.53,-77.89,220.0,1991.0,24.28,1.4,19.3,21
CU-E-25,Cuba,22.57,-83.94,270.0,1991.0,22.9,4.02,16.07,19
CU-GU-45,Cuba,23.08,-81.32,290.0,1991.0,25.0,1.2,12.62,23
CU-MJ-56,Cuba,21.96,-79.96,280.0,1991.0,23.0,2.75,22.35,28
CU-P-131,Cuba,20.16,-74.78,210.0,1991.0,23.0,2.6,14.54,19
CU-VB-1,Cuba,23.18,-82.09,330.0,1991.0,25.0,1.61,15.56,31
CZ-127127,Czech Republic,50.73,14.87,440.0,1980.49,8.0,3.28,12.0,38
CZ-br-4,Czech Republic,50.27,14.13,310.0,1976.34,9.0,2.21,29.0,30
CZ-bt-10,Czech Republic,49.4,12.78,420.0,1975.25,8.5,2.75,17.0,41
CZ-by-2,Czech Republic,50.25,14.07,490.0,1976.45,10.0,2.24,25.0,48
CZ-chj-3,Czech Republic,49.88,12.65,250.0,1975.1,7.5,2.24,30.0,24
CZ-cn-201,Czech Republic,50.73,13.76,420.0,1972.97,4.0,2.34,26.0,41
CZ-e-5,Czech Republic,50.71,13.85,320.0,1979.93,6.0,2.5,37.0,31
CZ-h-18,Czech Republic,50.07,13.57,390.0,1982.16,5.5,2.5,20.0,36
CZ-hj-1,Czech Republic,50.23,12.86,360.0,1987.82,9.0,2.5,30.0,35
CZ-ho-1,Czech Republic,48.9,14.32,600.0,1972.6,7.0,2.97,17.0,58
CZ-hp-17t1,Czech Republic,49.91,16.6,260.0,1976.57,8.0,2.5,20.0,24
CZ-hp-17t3,Czech Republic,49.91,16.6,290.0,1976.57,8.5,2.5,20.0,28
CZ-hu-7,Czech Republic,50.11,12.81,350.0,1983.64,7.0,2.5,28.0,32
CZ-hu-9,Czech Republic,50.11,12.81,460.0,1983.55,9.0,2.5,28.0,42
CZ-hv-105n,Czech Republic,48.95,16.51,390.0,1976.58,9.0,2.5,34.0,38
CZ-kp-1,Czech Republic,50.09,16.71,520.0,1976.57,7.0,1.81,33.0,46
CZ-kv-8,Czech Republic,49.72,14.05,501.5,1975.1,7.0,2.88,17.0,50
CZ-ls-50,Czech Republic,49.74,12.89,470.0,1977.27,8.5,4.13,16.0,40
CZ-m-36,Czech Republic,50.44,13.03,540.0,1977.24,7.0,2.5,32.0,53
CZ-mi-4b,Czech Republic,50.72,13.73,500.0,1983.34,8.0,2.34,14.0,46
CZ-mj-5,Czech Republic,50.57,14.86,290.0,1963.95,8.0,2.26,27.0,24
CZ-mj-8,Czech Republic,50.36,14.58,310.0,1965.48,8.0,2.31,35.0,27
CZ-nb-26,Czech Republic,50.15,15.7,220.0,1992.38,9.0,2.5,43.0,41
CZ-nb-3,Czech Republic,50.15,15.7,210.0,1992.9,9.5,2.5,46.0,39
CZ-nv-1,Czech Republic,49.39,14.8,600.0,1966.19,10.0,2.31,19.0,23
CZ-pe-1,Czech Republic,50.38,12.78,220.0,1977.8,7.5,2.5,31.0,21
CZ-pe-59-87,Czech Republic,49.77,12.68,265.0,1987.68,8.0,2.5,20.0,50
CZ-sh-9,Czech Republic,50.5,13.82,200.0,1979.0,9.0,2.5,38.0,15
CZ-so,Czech Republic,50.09,15.55,240.0,1992.38,9.5,2.5,31.0,45
CZ-srs-4,Czech Republic,49.72,15.85,320.0,1965.86,7.0,2.5,23.0,30
CZ-st-10,Czech Republic,50.54,16.06,390.0,1972.71,8.0,2.5,20.0,35
CZ-st-9,Czech Republic,50.54,16.07,430.0,1972.39,9.0,2.5,21.0,37
CZ-sv-1-70,Czech Republic,49.82,12.66,600.0,1972.37,7.0,2.5,25.0,58
CZ-to-1,Czech Republic,50.17,16.09,410.0,1963.27,10.0,2.72,40.0,39
CZ-ub-7,Czech Republic,50.62,14.17,270.0,1990.0,9.0,1.9,39.0,22
CZ-v454-1,Czech Republic,49.72,15.85,490.0,1981.8,4.0,2.5,25.0,48
CZ-zc-11,Czech Republic,50.42,12.92,480.0,1979.74,4.5,2.5,40.0,47
CZ-zc-15,Czech Republic,50.42,12.92,310.0,1979.74,6.0,2.5,35.0,30
CZ-zc-16,Czech Republic,50.42,12.92,200.0,1979.74,6.0,2.5,30.0,19
CZ-zc-3,Czech Republic,50.42,12.9,430.0,1979.86,5.6,2.5,33.0,42
FI-Lavia,Finland,61.65,22.68,401.96,1985.0,5.3,3.46,13.0,158
FI-Mantsala,Finland,60.32,25.53,401.31,1991.0,4.2,2.5,19.0,158
FI-Oku737,Finland,62.78,29.22,402.51,1985.0,4.4,2.92,11.0,163
FI-Pyhaj,Finland,63.67,26.08,402.49,1987.0,4.0,3.46,10.0,160
DE-FalkNB3,Germany,49.86,12.2,301.1,1984.0,7.8,3.45,21.0,123
DE-FalkPB7,Germany,49.86,12.2,352.55,1984.0,7.8,3.45,22.0,124
DE-Gries,Germany,49.86,12.5,278.6,1986.0,6.5,3.43,21.0,117
DE-Neusorg,Germany,49.96,12.0,291.66,1986.0,7.0,3.77,20.0,110
DE-Weiss,Germany,50.09,11.91,208.0,1986.0,7.0,3.42,23.0,79
DE-Wuelf,Germany,50.09,11.76,198.4,1986.0,6.8,3.6,17.0,75
IN-AN8,India,19.6,74.79,201.0,1994.0,28.8,1.8,18.4,60
IN-ARB61,India,14.84,74.64,354.01,1988.0,24.7,4.0,15.9,69
IN-B1,India,12.8,77.7,207.0,1994.0,26.6,3.0,7.2,63
IN-B12,India,12.66,77.21,219.0,1994.0,28.5,3.1,4.4,67
IN-B13,India,12.51,77.17,201.0,1994.0,29.2,3.1,4.2,59
IN-B16,India,13.12,77.19,291.0,1994.0,26.8,3.1,6.8,88
IN-B17,India,13.26,77.29,255.0,1994.0,25.6,3.0,11.9,77
IN-B2,India,12.78,77.77,247.0,1994.0,26.8,3.0,8.0,74
IN-B6,India,13.19,77.82,246.0,1988.0,24.7,4.0,15.9,76
IN-B7,India,13.3,77.81,267.0,1994.0,26.9,3.4,10.5,81
IN-B8,India,13.29,77.73,243.0,1994.0,27.0,3.4,10.3,74
IN-BDL168,India,20.51,80.76,373.81,1985.0,25.5,2.7,24.6,34
IN-BDL169,India,20.51,80.76,383.9,1985.0,25.6,2.7,23.8,36
IN-Elur,India,11.8,78.0,300.0,1997.0,30.1,2.2,19.3,94
IN-KPK1,India,12.7,80.0,595.0,1996.0,30.2,2.2,13.8,157
IN-KPK2,India,12.7,80.0,591.0,1996.0,30.2,2.2,13.5,200
IN-KPK3,India,12.7,80.0,383.0,1996.0,30.1,2.2,13.6,124
IN-MDN4,India,20.03,80.72,432.7,1985.0,25.2,3.3,15.3,39
IN-MDN7,India,20.03,80.72,440.24,1985.0,26.0,3.3,15.2,47
IN-MGA18,India,21.18,80.07,260.0,1985.0,28.7,3.8,12.8,50
IN-NRW125,India,22.7,86.27,460.0,1968.0,26.7,3.0,18.1,39
IN-NRW127,India,22.7,86.27,317.0,1968.0,26.9,3.0,17.6,26
IN-NRW92,India,22.7,86.27,459.96,1968.0,27.5,3.0,16.4,46
IN-S47,India,28.2,75.93,600.0,1965.0,28.6,3.3,21.6,58
IN-S48,India,28.2,75.93,455.5,1965.0,28.1,3.3,21.4,45
IN-S49,India,28.2,75.93,485.1,1965.0,28.4,3.3,20.3,47
IE-M06,Ireland,53.22,-8.13,470.0,1983.0,10.7,3.13,17.8,46
IE-N03,Ireland,53.63,-7.76,289.01,1981.0,10.2,2.813,26.1,30
IE-N09,Ireland,53.65,-6.74,343.2,1981.0,10.4,3.232,19.4,36
IE-N18,Ireland,53.41,-7.12,280.0,1983.0,10.3,2.873,20.1,27
IT-Giulianova,Italy,42.72,13.86,200.0,1980.0,14.5,1.8,18.0,37
IT-Rapagnano,Italy,43.17,13.6,190.0,1980.0,13.0,1.7,16.0,35
JP-Aso,Japan,35.99,140.49,216.0,2000.04,13.7404,1.375,17.4,94
JP-Asuka,Japan,35.19,136.79,246.0,1993.12,16.802,2.0,27.0,117
JP-Chiba1,Japan,35.62,140.13,300.0,1998.3,14.6792,1.31,7.7,136
JP-Hanyu,Japan,36.18,139.57,220.0,2003.27,14.4396,1.78,37.6,97
JP-Itabashi,Japan,35.76,139.7,270.0,2001.85,14.4828,1.36,16.8,98
JP-Izumiotu,Japan,34.6,135.46,340.0,2003.74,14.9016,2.74,24.6,148
JP-JinmeiMinami,Japan,35.79,139.84,302.0,2001.85,15.7712,1.31,14.7,144
JP-Kawaguchi,Japan,35.8,139.75,242.0,2003.17,14.766,1.35,18.5,116
JP-Kishiwada3,Japan,34.47,135.41,264.0,2003.73,16.2772,2.47,28.2,122
JP-Kiyose,Japan,35.78,139.53,300.0,2001.81,14.5076,1.36,8.1,132
JP-KoshigayaHigashi,Japan,35.9,139.82,300.0,2003.14,14.6644,1.36,23.9,126
JP-Kounosu,Japan,36.07,139.51,300.0,2003.27,14.774,1.36,21.5,140
JP-Kuki,Japan,36.0,140.13,260.0,2003.17,14.7132,1.33,26.7,118
JP-Nerima,Japan,35.75,139.62,202.0,2001.82,14.16,1.36,15.0,80
JP-Niwakubo2-3,Japan,34.73,135.57,248.0,2003.7,15.1288,1.67,27.8,111
JP-Odai,Japan,35.75,139.77,302.0,2001.85,15.2388,1.36,22.8,122
JP-Ojima,Japan,35.66,139.85,232.0,2001.85,16.9228,1.32,16.8,99
JP-Omiya,Japan,35.91,139.63,284.0,2003.17,14.6284,1.36,10.4,129
JP-Otone,Japan,36.16,139.65,236.0,2003.27,13.632,1.78,34.5,107
JP-Sakai2,Japan,34.6,135.46,246.0,2003.73,16.1052,2.47,41.2,115
JP-Shimoduma,Japan,36.19,139.95,298.0,2003.19,14.1748,1.78,28.8,133
JP-Shinjuku,Japan,35.6,140.12,226.0,1998.33,15.2432,1.31,6.7,106
JP-Tateno,Japan,35.44,140.08,252.0,2002.7,14.5432,1.31,4.2,126
JP-Tatsuta,Japan,35.28,136.89,284.0,1993.09,15.7448,2.0,23.8,139
JP-TochigiFujioka,Japan,36.26,139.65,246.0,2000.2,15.352,1.96,39.5,110
JP-Tokorozawa,Japan,35.8,139.47,300.0,2003.18,14.6396,1.36,5.1,118
JP-Toneri,Japan,35.81,139.77,302.0,2001.85,14.896,1.36,16.0,139
KZ-Tianshan,Kazakhstan,43.08,76.92,290.0,1996.0,0.5,2.5,3.0,18
LS-BTR113,Lesotho,-28.82,28.47,263.1,1988.0,11.2,1.72,32.0,13
LS-BTR123A,Lesotho,-29.15,28.48,320.0,1988.0,11.7,1.74,41.7,16
MN-1331,Mongolia,49.08,114.25,393.5,1985.3,0.3,2.5,27.5,31
MN-Andrush,Mongolia,51.5,118.0,320.0,1986.6,1.2,2.5,25.0,30
MN-C2199,Mongolia,49.08,114.25,576.0,1989.62,3.4,2.5,22.17,20
NA-ANY21,Namibia,-23.53,15.3,242.6,1984.59,25.7,2.8,22.6,22
NA-GA48,Namibia,-20.8,14.45,272.5,1984.55,29.76,2.4,25.4,23
NA-GD49,Namibia,-23.55,15.42,332.0,1984.58,26.9,2.8,21.8,41
NA-HOP15,Namibia,-23.57,15.27,210.0,1984.59,27.107,2.8,23.96,17
NA-OT27,Namibia,-20.88,16.48,200.8,1984.55,24.76,3.4,22.35,17
NA-S407,Namibia,-27.95,16.77,323.9,1984.52,22.89,5.4,18.52,31
NA-S412,Namibia,-27.95,16.77,256.4,1984.52,23.05,5.4,19.78,24
NA-SC1,Namibia,-27.35,18.08,493.6,1984.51,23.346,3.2,20.7,53
NE-Donkolo4,Niger,14.83,0.92,245.0,1972.2,32.3,2.7,7.95,21
NE-K6B,Niger,14.42,0.33,405.0,1972.19,32.5,3.8,5.4,18
PE-LM-18,Peru,-17.27,-70.65,468.0,1979.0,18.6,4.225,16.0,43
PE-LOB525,Peru,-4.45,-81.27,490.0,1979.0,29.0,2.0,13.3,46
PE-LOB527,Peru,-4.45,-81.27,210.0,1979.0,30.0,2.0,15.4,20
PE-PEN742,Peru,-4.28,-81.17,230.0,1979.0,28.0,2.3,18.0,17
PL-Grodz,Poland,50.64,17.69,300.0,1990.0,9.0,2.5,39.0,60
PL-Ptak,Poland,50.74,17.55,300.0,1990.0,9.0,2.5,34.0,56
PL-Walis,Poland,50.31,16.71,292.0,1990.0,8.0,2.5,36.0,57
RO-Stoen,Romania,45.0,26.0,350.11,1989.0,8.8,2.5,19.0,29
RU-14,Russia (Russian Federation),55.5,59.83,600.0,1975.0,4.6,2.83,12.0,29
RU-1701,Russia (Russian Federation),53.5,59.08,460.0,1969.0,3.3,2.14,8.0,22
RU-2066,Russia (Russian Federation),53.42,59.08,600.0,1987.0,3.3,2.51,9.0,29
RU-2s116,Russia (Russian Federation),61.67,59.77,360.0,1985.75,1.2,2.0,6.0,21
RU-2s117,Russia (Russian Federation),61.67,59.77,570.0,1985.75,1.18,2.0,7.3,47
RU-2s139,Russia (Russian Federation),61.67,59.77,460.0,1985.75,1.36,2.0,5.9,44
RU-42,Russia (Russian Federation),54.08,60.83,280.0,1977.0,5.5,2.5,9.0,25
RU-62,Russia (Russian Federation),54.2,60.83,600.0,1990.0,6.0,2.5,11.0,59
RU-Agas3,Russia (Russian Federation),55.0,89.5,220.0,1990.0,1.5,2.33,24.0,16
RU-Aidyrlya-3879,Russia (Russian Federation),52.0,59.83,245.2,1982.0,5.5,3.6,11.6,12
RU-Ak-Sug49,Russia (Russian Federation),59.48,96.67,450.0,1978.0,2.0,3.5,20.0,19
RU-Argagan-2167,Russia (Russian Federation),52.17,58.08,450.0,1978.0,4.86,2.15,9.9,18
RU-Aschebutak-5107,Russia (Russian Federation),51.17,59.17,487.9,1977.0,5.96,2.5,11.57,24
RU-Belor98,Russia (Russian Federation),51.0,82.92,446.31,1990.0,5.0,2.1,20.0,97
RU-Bogatyrevo2045,Russia (Russian Federation),49.83,84.33,570.0,1977.93,6.2,3.4,14.3,53
RU-Bogatyrevo3096,Russia (Russian Federation),49.83,84.33,500.0,1977.92,6.0,3.4,14.0,28
RU-Br3190,Russia (Russian Federation),56.87,60.83,480.0,1977.75,4.78,2.0,4.8,25
RU-Br3420,Russia (Russian Federation),56.87,60.83,480.0,1977.75,4.38,2.0,6.8,25
RU-Bs135,Russia (Russian Federation),56.82,59.0,320.0,1979.83,5.58,2.0,14.8,14
RU-Cherpunia23,Russia (Russian Federation),71.12,141.82,207.0,1986.64,-9.7,2.5,15.6,10
RU-Cherpunia28a,Russia (Russian Federation),71.12,141.77,300.0,1987.03,-9.7,3.0,25.67,14
RU-Cholpon1,Russia (Russian Federation),42.65,77.08,240.0,1974.5,12.5,1.75,36.0,11
RU-Chu2674,Russia (Russian Federation),56.37,60.23,380.0,1995.67,4.00613,2.0,5.41632,37
RU-Ckb14t,Russia (Russian Federation),63.8,123.18,480.0,1988.0,-4.93,2.0,11.2,32
RU-Ckb66m,Russia (Russian Federation),63.73,124.2,350.0,1987.0,-3.47,2.0,6.4,34
RU-Ckb68m,Russia (Russian Federation),63.75,124.07,560.0,1987.0,-2.71,2.0,5.8,54
RU-Ckb9m,Russia (Russian Federation),63.51,123.88,420.0,1987.0,-2.27,2.0,3.9,38
RU-Dg2003,Russia (Russian Federation),56.72,60.08,410.0,1978.58,4.9,2.0,4.4,40
RU-Djerek297,Russia (Russian Federation),50.25,79.75,380.0,1978.0,6.0,2.5,14.5,20
RU-Djetygara-175,Russia (Russian Federation),52.08,61.67,367.1,1982.0,5.33,3.44,12.63,21
RU-Djetygara-350,Russia (Russian Federation),52.08,61.67,502.3,1982.0,5.36,3.23,12.84,27
RU-Dolgaya,Russia (Russian Federation),49.5,83.67,245.66,1990.0,8.0,2.86,14.0,114
RU-Gonba416,Russia (Russian Federation),53.37,83.87,210.0,1990.0,4.4,2.5,31.0,24
RU-Gorn705,Russia (Russian Federation),51.0,81.47,600.0,1990.0,4.0,3.0,14.0,34
RU-Gu3184,Russia (Russian Federation),56.47,60.2,320.0,1980.75,4.02,2.0,4.5,30
RU-Hovu-Aksi582,Russia (Russian Federation),51.17,93.47,450.0,1974.0,0.6,2.5,14.0,38
RU-Ilmenskaya-1,Russia (Russian Federation),55.0,60.17,595.4,1993.0,4.52,1.72,16.48,58
RU-Irba268,Russia (Russian Federation),54.12,92.92,600.0,1990.0,5.0,2.43,19.0,28
RU-Irty1216,Russia (Russian Federation),50.17,82.33,400.0,1990.0,7.6,3.3,15.0,24
RU-Jah699,Russia (Russian Federation),61.18,59.97,510.0,1986.75,1.04617,2.0,4.19891,48
RU-KR8802,Russia (Russian Federation),58.37,60.07,597.0,1994.5,3.6,2.5,8.0,58
RU-KU622,Russia (Russian Federation),58.32,59.84,600.0,1977.55,4.0,2.5,10.3,56
RU-KU649,Russia (Russian Federation),58.32,59.87,600.0,1977.56,3.7,2.5,10.5,52
RU-Khab23,Russia (Russian Federation),54.0,93.75,600.0,1990.0,4.0,2.6,20.0,36
RU-Koktau-1124,Russia (Russian Federation),50.5,59.08,598.0,1976.0,7.84,2.64,9.02,27
RU-Kolyvan15,Russia (Russian Federation),55.4,82.87,240.0,1991.0,4.0,2.13,28.0,21
RU-KromTau-191,Russia (Russian Federation),50.17,58.42,500.0,1981.0,5.94,2.37,14.5,26
RU-KromTau-192,Russia (Russian Federation),50.17,58.42,600.0,1976.0,6.16,2.37,12.9,30
RU-KromTau-216,Russia (Russian Federation),50.17,58.42,360.0,1981.0,5.92,2.21,14.25,18
RU-KromTau-639,Russia (Russian Federation),50.33,58.5,520.0,1981.0,6.37,1.77,15.58,25
RU-KromTau-79,Russia (Russian Federation),50.17,58.42,600.0,1981.0,5.98,1.95,15.16,30
RU-Kruglogorsk-313,Russia (Russian Federation),54.92,59.92,584.7,1975.0,4.93,2.79,7.59,29
RU-Kular201,Russia (Russian Federation),70.65,134.5,220.0,1981.76,-9.5,2.5,30.8,10
RU-Kular307,Russia (Russian Federation),70.63,134.53,210.0,1981.82,-9.5,2.5,4.0,11
RU-Kuv271,Russia (Russian Federation),55.65,60.05,600.0,1978.75,4.14,2.0,9.3,29
RU-Kuv283,Russia (Russian Federation),55.65,60.05,600.0,1978.75,3.92,2.0,11.2,30
RU-Kuvatal-165,Russia (Russian Federation),55.67,60.17,585.0,1975.0,4.3,2.43,11.04,29
RU-Kuzhai-S4,Russia (Russian Federation),52.58,62.75,600.0,1977.0,5.63,2.16,14.3,29
RU-KyzylKibachi-2077,Russia (Russian Federation),50.42,59.08,582.4,1976.0,7.75,2.5,7.27,29
RU-MDV622,Russia (Russian Federation),58.72,59.12,391.5,1997.75,1.0,2.5,8.7,52
RU-Ma8002,Russia (Russian Federation),55.35,60.73,599.7,1994.83,4.6324,2.0,8.0,56
RU-Ma8304,Russia (Russian Federation),55.35,60.73,592.4,1994.83,4.88392,2.0,6.7,59
RU-Ma8505,Russia (Russian Federation),55.35,60.73,598.0,1994.83,4.5174,2.0,8.7,58
RU-Makan-2431,Russia (Russian Federation),52.0,58.25,600.0,1972.0,3.95,3.19,5.5,27
RU-Makan-3276,Russia (Russian Federation),52.0,58.25,340.0,1973.0,5.39,2.94,5.3,17
RU-Md721,Russia (Russian Federation),61.45,59.95,380.0,1989.67,1.19939,2.0,1.2,36
RU-Mednogorsk-935,Russia (Russian Federation),51.5,57.5,598.1,1977.0,5.14,1.83,11.94,28
RU-Mg3,Russia (Russian Federation),53.57,59.27,280.0,1987.33,4.09,2.0,8.5,25
RU-Mitino,Russia (Russian Federation),56.0,38.0,280.0,1985.6,7.7,2.5,9.0,15
RU-Mur10v,Russia (Russian Federation),50.5,35.5,400.0,1993.51,8.0,2.5,19.0,74
RU-NAlexandrinka5937,Russia (Russian Federation),53.58,59.33,600.0,1994.0,4.25,2.62,8.1,59
RU-NorthKhudolaz-184,Russia (Russian Federation),52.95,58.55,598.8,1991.0,5.3,2.46,8.9,57
RU-NorthUchali-1754,Russia (Russian Federation),54.33,59.42,595.0,1993.0,4.5,2.74,8.5,62
RU-Ns2016,Russia (Russian Federation),60.68,59.72,570.0,1984.75,2.31,2.0,3.4,35
RU-Ns2017,Russia (Russian Federation),60.68,59.72,600.0,1984.75,2.81,2.0,1.8,58
RU-Ns2021,Russia (Russian Federation),60.68,59.72,470.0,1984.75,2.28,2.0,2.5,45
RU-Orenburg703,Russia (Russian Federation),52.0,55.0,465.0,1990.0,7.0,2.5,23.0,90
RU-Osennee-4480,Russia (Russian Federation),50.92,59.58,594.2,1976.0,7.31,2.63,10.75,30
RU-P107,Russia (Russian Federation),52.08,58.33,600.0,1976.92,4.55,2.0,8.3,57
RU-Pet643,Russia (Russian Federation),50.5,35.5,202.0,1993.5,8.0,2.5,23.0,79
RU-Podolsk-P34,Russia (Russian Federation),52.08,58.33,598.1,1973.0,5.27,2.73,8.5,30
RU-S8,Russia (Russian Federation),52.58,62.75,600.0,1990.0,5.0,1.99,14.0,29
RU-Salavat-1790,Russia (Russian Federation),53.67,58.5,600.0,1976.0,3.83,3.42,9.5,29
RU-Sar2702,Russia (Russian Federation),56.65,59.37,530.0,1977.67,4.45,2.0,7.7,48
RU-Sarsaj-1,Russia (Russian Federation),49.25,58.67,403.3,1976.0,7.6,2.47,6.91,20
RU-Shi635g,Russia (Russian Federation),50.5,35.5,240.0,1993.5,8.0,2.5,26.0,74
RU-SouthUchali-1703,Russia (Russian Federation),54.25,59.5,550.0,1990.0,4.7,2.88,7.11,53
RU-Tabrat20,Russia (Russian Federation),53.83,93.83,450.0,1990.0,3.4,2.07,22.0,24
RU-Tastybulak-45,Russia (Russian Federation),48.17,58.42,422.1,1976.0,7.6,3.06,6.91,21
RU-Tastybulak-48,Russia (Russian Federation),48.17,58.42,480.0,1976.0,8.76,2.57,8.0,24
RU-Techinskaya-885,Russia (Russian Federation),55.67,61.58,571.5,1976.0,4.92,2.75,15.08,28
RU-Tirekhtyakh200,Russia (Russian Federation),68.98,139.28,200.0,1988.76,-8.4,2.0,26.8,13
RU-Tirekhtyakh24,Russia (Russian Federation),69.02,139.25,200.0,1988.02,-6.7,2.0,25.2,14
RU-VOL0477,Russia (Russian Federation),58.17,59.85,600.0,1977.7,3.2,2.5,6.7,27
RU-VOL1,Russia (Russian Federation),58.17,59.85,600.0,1977.7,4.5,2.5,8.1,51
RU-Yakutia108,Russia (Russian Federation),66.42,112.5,400.0,1987.38,-6.3,3.0,7.67,18
RU-Yakutia329,Russia (Russian Federation),66.42,112.5,400.0,1986.94,-6.7,3.0,7.33,18
RU-Yakutia81,Russia (Russian Federation),66.42,112.5,300.0,1991.2,-3.9,3.0,8.21,12
RU-Zaeltsovski8,Russia (Russian Federation),55.17,82.83,210.0,1991.0,6.2,2.4,15.5,17
RU-Zmeinog301,Russia (Russian Federation),51.17,82.16,320.0,1974.0,5.6,2.5,17.3,31
RU-Zu3312,Russia (Russian Federation),56.48,60.12,520.0,1980.75,4.21,2.0,5.8,50
SI-LK1,Slovenia,46.07,14.58,290.0,1994.36,10.0,2.5,27.0,41
SI-Ljut,Slovenia,46.52,16.22,330.0,1992.83,10.0,2.5,32.0,32
SI-MB1,Slovenia,46.57,15.7,350.0,1992.72,11.0,2.5,46.0,32
SI-MT2,Slovenia,46.73,16.2,410.0,1985.85,11.0,2.5,63.0,38
SI-SG1,Slovenia,46.63,16.12,225.0,1994.8,11.0,2.5,68.0,41
SI-SI1,Slovenia,45.87,15.43,425.0,1987.92,8.0,2.5,43.0,82
SI-SOM1,Slovenia,46.67,15.75,460.0,1994.8,11.3,2.5,59.0,43
SI-ZT1,Slovenia,46.25,15.17,320.0,1994.81,10.6,2.5,33.0,31
ZA-AD3,South Africa,-24.92,29.15,500.0,1989.0,22.98,3.25,17.53,23
ZA-AG140,South Africa,-18.75,29.22,440.0,1976.0,22.8,2.94,18.6,20
ZA-AP11,South Africa,-28.3,21.05,462.3,1976.0,23.7,2.62,20.0,24
ZA-BBS1,South Africa,-26.7,26.56,300.0,1979.0,19.9,3.29,10.0,28
ZA-BH1337,South Africa,-25.6,27.28,580.0,1988.0,20.3,2.17,20.3,28
ZA-BH1386,South Africa,-25.53,27.25,640.0,1988.0,20.5,2.31,22.1,32
ZA-BH1512,South Africa,-25.43,27.17,800.0,1988.0,20.4,2.2,22.4,39
ZA-BH520,South Africa,-25.48,27.2,580.0,1988.0,21.4,2.2,21.4,28
ZA-BMV4,South Africa,-26.61,26.59,595.2,1979.0,20.2,3.14,10.2,57
ZA-BP1,South Africa,-26.07,28.52,440.0,1989.0,17.6,2.55,16.7,22
ZA-BSF1,South Africa,-26.53,26.75,703.8,1979.0,19.9,3.16,11.1,69
ZA-BTF1,South Africa,-26.45,26.86,464.2,1979.0,19.7,3.21,9.75,45
ZA-BV1,South Africa,-24.03,28.92,380.0,1991.0,22.1,2.78,14.4,19
ZA-D12,South Africa,-24.15,29.25,288.4,1987.0,20.1,3.5,8.8,27
ZA-DDH124,South Africa,-22.28,29.33,390.0,1994.0,25.6,2.75,16.5,35
ZA-DDH132,South Africa,-22.28,29.33,510.0,1994.0,25.7,2.75,19.2,47
ZA-DF1,South Africa,-26.02,28.77,600.0,1990.0,18.2,3.22,14.9,28
ZA-DRB6,South Africa,-26.8,26.47,400.0,1979.0,20.4,3.5,8.61,38
ZA-DRH18,South Africa,-26.8,26.48,509.7,1979.0,20.7,3.51,9.21,51
ZA-DRL17,South Africa,-26.78,26.5,260.0,1979.0,20.0,3.37,9.8,25
ZA-DV38,South Africa,-24.35,29.57,780.0,1988.0,21.9,2.21,19.7,36
ZA-DWR6,South Africa,-24.97,30.08,236.0,1990.0,21.5,2.24,25.8,10
ZA-E1,South Africa,-23.4,28.57,340.0,1992.0,24.4,5.47,6.75,29
ZA-FF1,South Africa,-25.47,28.58,580.8,1986.0,21.6,3.16,13.8,28
ZA-GHB1,South Africa,-26.28,25.0,520.0,1992.0,20.6,3.1,10.3,26
ZA-GR24,South Africa,-23.12,30.9,250.0,1983.0,24.0,3.67,15.3,21
ZA-GR25,South Africa,-23.12,30.9,248.5,1983.0,24.0,3.67,14.9,21
ZA-GR26,South Africa,-24.12,29.27,217.1,1988.0,20.7,3.11,10.13,10
ZA-HB77,South Africa,-28.7,17.88,540.0,1976.0,26.3,3.43,17.2,23
ZA-HE177,South Africa,-29.33,18.02,471.6,1976.0,19.9,3.49,18.2,21
ZA-HKE26,South Africa,-29.33,17.88,467.0,1976.0,21.1,3.82,19.8,47
ZA-KF38,South Africa,-24.35,29.43,680.0,1988.0,22.4,2.25,17.7,33
ZA-LKN1,South Africa,-25.07,29.22,220.0,1992.0,23.49,2.91,19.58,18
ZA-NG1,South Africa,-24.95,27.13,800.0,1987.0,21.0,4.13,16.0,40
ZA-O354,South Africa,-22.32,30.05,236.4,1988.0,26.2,3.48,16.8,14
ZA-OP1,South Africa,-25.65,28.18,620.0,1992.0,20.4,2.65,17.4,31
ZA-PAD2,South Africa,-24.73,27.47,800.0,1988.0,23.6,3.65,17.3,39
ZA-PC227,South Africa,-29.33,21.78,396.0,1976.0,21.6,3.55,16.8,19
ZA-POG32,South Africa,-29.35,19.62,512.3,1976.0,21.0,4.31,16.6,23
ZA-RB56,South Africa,-29.06,20.78,452.2,1976.62,24.3,3.63,23.1,46
ZA-RTN1,South Africa,-24.03,28.92,700.0,1988.0,20.2,2.24,20.9,35
ZA-SB1,South Africa,-27.28,25.5,440.0,1992.0,20.15,3.3,10.65,22
ZA-SK1,South Africa,-25.63,27.43,320.0,1988.0,19.8,2.17,20.5,15
ZA-SK2,South Africa,-25.63,27.5,800.0,1988.0,20.2,2.17,20.4,39
ZA-SKN25,South Africa,-24.82,27.3,320.0,1988.0,22.5,2.15,20.2,15
ZA-VF1,South Africa,-25.48,28.58,392.5,1986.0,21.4,3.61,11.33,19
ZA-VP1,South Africa,-23.4,28.57,340.0,1994.0,24.5,5.47,5.25,25
ZA-WB1,South Africa,-24.97,27.5,761.5,1987.0,23.3,2.95,17.6,37
ZA-WEM1,South Africa,-23.43,28.23,500.0,1989.0,23.9,2.24,25.2,23
ZA-ZE1,South Africa,-24.83,27.33,250.0,1983.0,21.4,2.21,21.8,21
ES-AC-1Billiton,Spain,37.6,-6.83,356.36,1991.76,17.6,2.5,19.0,75
ES-PB1AdaroValverde,Spain,37.56,-6.78,259.81,1991.77,17.6,2.5,18.0,52
ES-Romanera,Spain,37.69,-7.33,326.29,1991.74,17.9,2.5,22.0,68
TZ-Angatase,Tanzania,-5.4,37.29,220.0,1988.52,22.43,2.51,19.57,20
TZ-Basotu,Tanzania,-4.38,35.17,230.0,1986.16,23.81,2.0,13.11,16
TZ-KN93-35,Tanzania,-2.88,30.57,338.69,1993.5,21.0,4.2,17.9,46
TZ-KN93-36,Tanzania,-2.88,30.57,369.26,1993.5,21.0,3.7,17.5,55
TZ-Kizaga,Tanzania,-4.42,34.37,300.0,1988.14,24.04,3.24,11.9,28
TZ-Longido,Tanzania,-2.61,36.47,240.0,1988.52,23.39,2.63,17.01,20
TZ-Siuyu,Tanzania,-4.9,34.88,210.0,1988.14,22.63,3.49,10.79,20
UA-Dolina613,Ukraine,49.03,23.97,600.0,1990.0,7.5,2.5,17.0,117
UA-Feodo1,Ukraine,44.95,38.5,225.0,1990.0,13.0,1.5,33.0,42
UA-GViZD214,Ukraine,44.95,38.5,600.0,1990.0,8.0,2.5,19.0,117
UA-KRog15193,Ukraine,48.72,33.57,350.0,1990.0,9.0,2.5,13.0,60
UA-Lenino5304,Ukraine,50.43,29.22,258.0,1971.0,8.8,2.5,10.0,12
UA-LysaGora2492,Ukraine,48.18,31.08,283.0,1971.0,11.0,2.5,8.0,12
UA-LysajaGora5008,Ukraine,48.18,31.08,335.0,1971.0,10.4,2.5,12.0,15
UA-Migija,Ukraine,48.02,31.07,243.0,1971.0,10.2,2.5,12.0,11
UA-Nechvorosc30,Ukraine,49.55,31.22,482.0,1971.0,9.3,2.5,13.0,21
UA-Orechovo406,Ukraine,47.57,35.83,365.0,1971.0,12.3,2.5,11.0,14
UA-Orechovo57,Ukraine,47.63,35.82,243.0,1971.0,11.0,2.5,14.0,11
UA-Ositnjazka670,Ukraine,48.7,32.2,283.0,1971.0,9.4,2.5,14.0,12
UA-VMosty16,Ukraine,50.32,24.08,350.0,1990.0,9.1,2.65,19.0,67
UK-BALLATER,United Kingdom,57.07,-2.99,290.4,1982.5,8.2,3.26,21.7791,69
UK-BALLYMACILROY,United Kingdom,54.79,-6.33,493.68,1979.5,9.0,1.66,35.5422,154
UK-BENNACHIE,United Kingdom,57.28,-2.55,282.75,1982.5,8.1,3.53,21.5297,68
UK-CAIRNGORM,United Kingdom,57.14,-3.67,282.81,1982.5,5.8,3.52,19.8864,87
UK-CHALGROVE,United Kingdom,51.66,-1.05,211.01,1983.5,10.5,1.52,31.5789,63
UK-CHARD,United Kingdom,50.85,-2.93,289.47,1983.5,11.0,1.45,35.1724,88
UK-CLEETHORPES,United Kingdom,53.54,-0.03,290.0,1984.5,10.5,3.19,22.884,26
UK-CLITHEROE,United Kingdom,53.86,-2.37,293.96,1985.5,9.8,2.02,19.802,84
UK-CREWE,United Kingdom,53.09,-2.47,296.19,1983.5,10.8,1.86,30.6452,90
UK-MORLEY,United Kingdom,52.76,-1.29,235.0,1986.5,9.7,4.11,13.1387,44
UK-MOUNT,United Kingdom,57.0,-2.75,261.67,1982.5,8.2,3.08,19.1558,64
UK-SEABARN,United Kingdom,50.62,-2.53,380.0,1978.5,10.7,1.65,33.9394,19
UK-SHAP,United Kingdom,54.47,-2.68,301.39,1982.5,7.5,2.9,26.8966,94
UK-SHIPTON,United Kingdom,54.02,-1.17,225.92,1986.5,10.4,3.22,17.7019,68
UK-SILLOTH,United Kingdom,54.88,-3.36,192.85,1982.5,10.0,1.84,29.8913,57
UK-SKIDDAW,United Kingdom,54.67,-3.06,265.0,1982.5,8.5,3.5,28.8571,82
UK-STOWLANGTOFT,United Kingdom,52.28,0.85,207.76,1983.5,10.2,1.73,20.2312,61
UK-THORNTON,United Kingdom,53.89,-3.02,202.31,1983.5,10.4,2.36,22.0339,59
UK-TYDD,United Kingdom,52.74,0.12,294.21,1983.5,10.5,1.25,45.6,79
UK-VENN,United Kingdom,50.71,-3.32,307.3,1983.5,10.8,1.77,31.6384,95
UK-WITHYCOMBE,United Kingdom,50.65,-3.37,226.31,1983.5,10.8,1.75,28.5714,68
UK-WORCESTER,United Kingdom,52.22,-2.2,298.08,1983.5,10.8,1.83,22.4044,92
US-AL7-6,United States of America,33.27,-86.02,596.8,1966.26,14.4,2.75,14.5,13
US-ALclay4,United States of America,33.5,-86.8,270.0,1993.4,22.0,2.03,2.85,77
US-ALclay6,United States of America,33.5,-86.8,300.0,1993.4,22.0,2.03,2.85,83
US-AZ3-6,United States of America,33.03,-110.6,320.04,1963.65,21.0,3.19,18.84,18
US-AZ3-8,United States of America,31.97,-111.0,335.28,1965.85,23.0,3.39,26.4,19
US-AZ7-12,United States of America,31.87,-110.8,320.0,1965.69,21.0,3.1,24.63,27
US-AZ7-13,United States of America,35.13,-113.1,260.0,1965.49,16.0,3.37,28.6,21
US-AZ7-16,United States of America,33.63,-114.3,260.0,1964.49,25.0,2.6,36.22,24
US-AZ7-17,United States of America,33.63,-114.3,410.0,1967.49,25.0,3.32,33.7,39
US-AZ7-18,United States of America,33.63,-114.3,240.0,1967.49,24.0,3.32,32.71,21
US-AZ7-20,United States of America,31.83,-110.7,460.0,1965.69,18.0,3.46,24.54,22
US-AZ7-22,United States of America,31.88,-111.1,210.0,1964.7,21.5,2.99,26.83,9
US-AZ7-23,United States of America,31.88,-111.1,450.0,1965.7,20.0,2.87,31.05,22
US-AZ7-24,United States of America,31.88,-111.1,400.0,1965.7,20.0,2.7,31.94,20
US-AZ7-25,United States of America,31.88,-111.1,400.0,1965.7,20.0,2.68,31.13,20
US-CA3-25,United States of America,39.7,-122.8,327.05,1969.66,9.0,4.31,20.43,37
US-CA3-38,United States of America,35.27,-119.3,600.0,1969.28,23.0,1.77,32.2,20
US-CA3-41,United States of America,37.13,-118.9,502.63,1966.73,5.0,2.97,17.2,49
US-CA3-43,United States of America,37.1,-119.3,491.49,1967.96,12.0,2.53,12.2,94
US-CA7-28,United States of America,38.87,-120.6,350.0,1965.58,7.5,3.7,11.71,33
US-CA7-29,United States of America,38.83,-121.1,350.0,1965.58,16.0,2.91,9.03,32
US-CA7-31,United States of America,38.55,-120.5,270.0,1965.58,11.5,3.01,10.31,26
US-CO3-73,United States of America,40.05,-108.3,243.84,1969.92,9.0,1.43,63.4,29
US-CO3-75,United States of America,39.97,-108.4,304.8,1969.92,10.0,1.43,57.0,33
US-CO5-25,United States of America,39.95,-108.3,310.0,1966.75,7.0,0.87,56.0,12
US-CO5-31,United States of America,38.13,-105.4,245.0,1967.78,7.0,1.9,35.6,20
US-CO5-32,United States of America,38.15,-105.4,250.0,1967.83,9.0,2.3,30.2,20
US-DC6-61,United States of America,39.0,-77.0,598.93,1963.7,13.0,2.93,16.26,22
US-DC6-62,United States of America,39.0,-77.0,593.32,1963.7,14.0,3.11,15.04,21
US-DC6-63,United States of America,39.0,-77.0,597.74,1963.48,14.0,2.92,16.13,19
US-GLEN95,United States of America,48.5,-101.2,208.0,1995.36,5.35,1.2,36.5,63
US-GSEL-02,United States of America,41.6,-116.03,234.7,1979.73,9.23914,1.96,47.9798,37
US-GSNY-07,United States of America,38.88,-117.82,262.1,1979.3,9.92896,3.03,38.806,38
US-GSST-3,United States of America,38.37,-118.81,228.6,1982.59,12.2682,3.34,121.311,71
US-HAY955,United States of America,42.6,-102.7,235.0,1995.5,8.809,1.33,49.6,40
US-HAYSPR,United States of America,42.6,-102.7,235.0,1980.5,8.8,1.3,48.6,38
US-IA7-33,United States of America,43.17,-95.19,600.0,1967.48,8.0,2.21,8.3,27
US-KEN95,United States of America,43.8,-99.8,200.0,1995.59,10.44,1.2,84.4,32
US-M952M,United States of America,48.3,-101.5,272.0,1995.5,5.01,1.2,34.8,148
US-MI7-40,United States of America,47.4,-88.02,274.3,1960.72,5.23,2.17,17.0,13
US-MI7-41,United States of America,46.75,-89.57,457.2,1960.14,6.0,2.74,15.9,13
US-MI7-42,United States of America,46.73,-89.57,457.2,1960.63,6.0,2.49,17.8,13
US-MINOT,United States of America,48.5,-101.3,200.0,1984.8,5.01,1.2,34.0,36
US-MN5-34,United States of America,47.82,-91.72,365.9,1967.5,5.0,1.85,18.18,23
US-MN5-35,United States of America,47.82,-91.72,594.6,1967.5,5.0,1.95,18.9,36
US-MND84,United States of America,48.4,-101.5,272.9,1984.4,5.09,1.2,34.8,52
US-MT2-14,United States of America,46.72,-112.3,270.0,1966.48,7.0,3.52,72.5,26
US-MT2-8,United States of America,45.05,-109.9,300.0,1965.58,3.0,3.01,18.4,25
US-MT3-83,United States of America,45.38,-109.9,268.55,1968.7,6.0,2.99,21.2,19
US-MT3-84,United States of America,45.38,-109.9,208.64,1968.7,4.0,3.68,17.8,16
US-NH7-72,United States of America,42.78,-72.13,300.0,1965.31,6.0,3.22,21.41,29
US-NJ6-10,United States of America,41.08,-74.6,579.1,1960.92,16.0,2.89,13.66,19
US-NJ6-8,United States of America,41.1,-74.58,594.4,1969.79,10.0,2.9,12.96,75
US-NM3-160,United States of America,36.68,-107.2,579.12,1967.28,10.0,2.76,30.6,19
US-NM5-38,United States of America,35.47,-106.1,280.0,1964.9,15.0,2.08,24.45,23
US-NM5-40,United States of America,32.02,-105.4,260.0,1967.82,19.0,4.0,22.0,13
US-NM5-43,United States of America,31.85,-108.3,210.0,1964.91,20.0,3.49,32.2,20
US-NM5-47,United States of America,32.33,-108.7,200.0,1967.87,20.0,2.13,33.8,15
US-NM5-48,United States of America,32.33,-108.7,245.0,1967.87,20.0,1.88,37.6,20
US-NM5-52,United States of America,36.72,-105.4,580.0,1967.88,8.0,2.85,29.7,26
US-NM5-56,United States of America,32.8,-108.0,300.0,1967.86,16.0,2.76,25.01,21
US-NV3-120,United States of America,37.97,-114.5,388.62,1970.36,10.0,3.88,17.02,26
US-NV3-130,United States of America,38.32,-117.8,332.23,1970.83,14.0,2.89,28.17,32
US-NV3-131,United States of America,38.32,-117.8,266.7,1970.83,15.0,2.91,28.69,28
US-NV3-138,United States of America,39.2,-118.3,325.0,1966.12,13.0,2.95,22.5,59
US-NV3-139,United States of America,39.2,-118.3,260.0,1966.12,14.0,2.87,18.5,47
US-NV3-140,United States of America,39.2,-118.3,257.8,1963.31,14.0,2.88,30.8,49
US-NV3-141,United States of America,39.2,-118.3,317.4,1966.12,13.0,2.87,24.7,61
US-NV3-151,United States of America,40.3,-116.6,228.6,1968.64,15.0,4.91,30.7,22
US-NV3-91,United States of America,37.18,-116.2,320.04,1963.54,13.0,4.9,16.4,19
US-NV3-92,United States of America,40.68,-117.0,274.32,1969.6,15.0,3.98,35.06,33
US-NV7-47,United States of America,35.48,-115.1,315.0,1965.48,17.0,3.49,25.24,14
US-NV7-48,United States of America,35.38,-115.1,300.0,1965.48,19.0,3.64,24.57,14
US-NV7-49,United States of America,38.23,-117.5,280.0,1965.63,17.0,3.15,30.48,23
US-NV7-50,United States of America,38.23,-117.5,290.0,1965.63,17.0,3.11,31.82,20
US-NV7-51,United States of America,38.23,-117.5,210.0,1965.63,16.0,3.15,30.11,13
US-NV7-55,United States of America,38.32,-117.3,330.0,1965.63,14.0,3.17,30.82,31
US-NV7-56,United States of America,38.32,-117.3,270.0,1965.63,14.0,3.27,35.66,20
US-NV7-62,United States of America,38.32,-117.5,480.0,1965.63,16.0,2.81,25.06,20
US-NV7-66,United States of America,39.28,-114.3,230.0,1965.66,11.0,3.77,20.99,18
US-NV7-67,United States of America,39.08,-114.6,250.0,1965.67,11.0,5.58,39.23,16
US-NV7-68,United States of America,39.07,-114.9,360.0,1965.67,6.0,3.29,24.6,29
US-NY6-11,United States of America,44.25,-75.42,334.6,1969.64,7.0,4.02,12.72,41
US-NY6-13,United States of America,44.27,-75.4,312.4,1969.67,7.5,4.98,8.05,35
US-NY6-14,United States of America,44.27,-75.4,335.3,1969.62,8.5,4.98,7.54,42
US-NY6-29,United States of America,42.45,-74.45,230.1,1968.97,6.0,2.48,14.26,25
US-NY6-43,United States of America,42.42,-76.9,395.8,1969.17,9.5,2.01,35.81,49
US-NY7-78,United States of America,43.3,-73.62,265.0,1965.1,10.0,4.62,9.6,26
US-NY7-79,United States of America,44.58,-73.9,330.0,1965.51,5.0,3.32,15.9,16
US-PA6-49,United States of America,40.35,-75.83,299.7,1968.66,11.0,2.84,10.3,67
US-PR6-65,United States of America,18.25,-66.8,259.08,1967.25,21.0,3.56,12.5,27
US-PR6-66,United States of America,18.15,-67.17,304.8,1963.48,24.0,2.51,9.5,37
US-RUSH95,United States of America,42.6,-102.2,201.0,1995.5,10.0,1.7,38.5,36
US-SC6-52,United States of America,33.28,-81.67,594.36,1963.53,19.0,2.57,16.05,55
US-SC6-53,United States of America,33.28,-81.67,327.66,1963.53,19.0,2.57,16.05,24
US-SC6-55,United States of America,33.28,-81.67,274.32,1963.53,19.0,3.45,14.62,15
US-TN6-57,United States of America,35.92,-84.32,274.32,1962.77,14.0,2.57,11.91,34
US-TX5-60,United States of America,31.45,-104.8,200.0,1967.58,19.0,2.85,15.05,16
US-UT3-172,United States of America,39.98,-109.6,594.36,1969.91,14.0,2.36,25.13,42
US-UT7-85,United States of America,39.87,-112.0,335.28,1961.61,10.0,2.01,43.3,10
US-UTSRD-1,United States of America,38.61,-109.67,390.0,1979.75,13.6,3.86,16.7,63
US-UTSRD-2,United States of America,38.58,-109.62,355.0,1976.94,15.2,3.86,11.9,28
US-UTSRD-3,United States of America,38.71,-109.85,330.0,1979.77,15.3,3.86,11.7,55
US-UTSRD-4,United States of America,38.73,-109.87,310.0,1979.77,15.2,3.86,12.69,53
US-UTSRD-7,United States of America,38.69,-109.48,370.0,1980.66,13.1,3.86,11.65,71
US-UTSRS-3,United States of America,38.8,-109.32,495.0,1979.75,10.7,4.82,10.58,93
US-VA6-60,United States of America,36.87,-77.9,312.42,1964.7,15.0,3.27,18.0,39
US-WA2-26,United States of America,48.07,-118.7,300.0,1967.63,9.0,3.81,13.5,22
US-WA3-175,United States of America,46.53,-122.8,290.0,1967.45,10.0,1.08,32.8,23
US-WA3-177,United States of America,46.53,-122.8,410.0,1967.45,10.0,1.07,33.8,37
US-WA3-180,United States of America,46.35,-119.2,297.49,1970.62,16.0,1.65,38.95,37
US-WALL94,United States of America,43.74,-102.23,202.0,1994.8,8.63,1.1,34.3,183
US-WY2-27,United States of America,43.87,-109.2,450.0,1966.55,1.0,2.92,30.35,39
US-WY3-184,United States of America,42.77,-109.5,594.36,1966.5,8.0,3.02,19.21,34
US-kiw82,United States of America,45.43,-69.2,600.0,1982.0,5.88,2.9,13.5,59
US-lon65,United States of America,43.25,-72.5,240.0,1965.0,7.17,2.48,21.1,23
US-luc82,United States of America,44.72,-68.6,420.0,1982.0,6.67,2.5,16.76,39
US-nha64,United States of America,44.1,-72.0,263.6,1964.0,7.5,2.73,18.4,23
US-nha92,United States of America,44.1,-72.0,263.6,1992.0,7.5,2.73,18.4,54
US-nos65,United States of America,43.33,-72.55,268.2,1965.0,7.79,2.32,19.2,23
US-nos92,United States of America,43.33,-72.55,268.2,1992.0,7.79,2.32,19.2,64
US-sar64,United States of America,44.33,-74.27,368.2,1964.0,5.2,1.84,17.9,36
US-sar92,United States of America,44.33,-74.27,368.2,1992.0,5.2,1.84,17.9,91
US-wad64,United States of America,44.23,-73.47,368.2,1965.0,8.2,1.84,17.9,35
US-wes64,United States of America,43.28,-72.82,410.1,1964.0,6.9,2.65,15.2,27
ZM-COL2,Zambia,-13.92,29.2,279.2,1971.53,23.23,3.24,17.4,28
ZM-COL5,Zambia,-13.92,29.2,200.9,1971.53,22.94,2.98,20.5,25
ZM-LUB1,Zambia,-15.82,27.92,360.0,1973.39,25.9,2.81,25.4,33
ZM-LUP7,Zambia,-13.08,28.05,200.0,1973.6,22.47,2.73,23.6,19
ZM-Luangwa1,Zambia,-12.58,31.65,260.0,1987.84,26.55,4.07,21.95,24
ZM-MH23,Zambia,-15.92,28.15,309.1,1973.4,24.95,2.82,22.6,30
ZM-MH43,Zambia,-15.92,18.13,290.0,1973.42,26.6,2.82,20.5,26
ZM-MMB152,Zambia,-12.23,25.82,210.0,1971.25,20.911,2.65,21.4,18
ZM-PE2,Zambia,-12.73,28.12,380.0,1973.44,21.85,3.89,19.0,19
ZW-GD4,Zimbabwe,-18.1,30.42,240.0,1987.29,22.44,2.81,13.88,23
ZW-H146,Zimbabwe,-16.0,30.42,210.0,1987.69,28.67,3.14,12.14,20
ZW-N7,Zimbabwe,-19.27,30.18,220.0,1987.84,20.9,2.38,29.58,21
ZW-R212,Zimbabwe,-20.63,31.58,260.0,1986.63,22.8,2.95,16.6,25
ZW-R222,Zimbabwe,-20.63,31.58,350.0,1986.63,22.82,3.1,16.1,34
ZW-R227,Zimbabwe,-20.63,31.58,310.0,1986.63,22.97,2.69,16.3,30
ZW-RW64,Zimbabwe,-18.88,32.67,330.0,1986.96,18.73,4.53,16.37,24
